index,constant,x,y
0,0.0,41.942,68.98
0,0.0,41.81014896026895,69.13892342154325
0,0.0,41.678717852950484,69.29817831204609
0,0.0,41.54770787767482,69.45776433759079
0,0.0,41.41712023407218,69.61768116425968
0,0.0,41.286956121772775,69.77792845813508
0,0.0,41.157216740406824,69.93850588529928
0,0.0,41.027903289604545,70.09941311183461
0,0.0,40.89901696899616,70.26064980382336
0,0.0,40.770558978211874,70.42221562734787
0,0.0,40.64253051688191,70.58411024849042
0,0.0,40.51493278463649,70.74633333333334
0,0.0,40.38776698110583,70.90888454795893
0,0.0,40.261034305920134,71.07176355844952
0,0.0,40.13473595870963,71.2349700308874
0,0.0,40.008873139104544,71.39850363135487
0,0.0,39.88344704673508,71.56236402593429
0,0.0,39.758458881231455,71.72655088070792
0,0.0,39.63390984222389,71.89106386175808
0,0.0,39.509801129342605,72.0559026351671
0,0.0,39.38613394221781,72.22106686701729
0,0.0,39.26290948047973,72.38655622339094
0,0.0,39.140128943758576,72.55237037037038
0,0.0,39.01779353168457,72.7185089740379
0,0.0,38.895904443887915,72.88497170047584
0,0.0,38.77446287999885,73.05175821576648
0,0.0,38.65347003964757,73.21886818599216
0,0.0,38.532927122464315,73.38630127723516
0,0.0,38.41283532807928,73.55405715557782
0,0.0,38.2931958561227,73.72213548710243
0,0.0,38.17400990622478,73.89053593789131
0,0.0,38.055278678015746,74.05925817402678
0,0.0,37.93700337112581,74.22830186159112
0,0.0,37.81918518518519,74.39766666666668
0,0.0,37.701825319824096,74.56735225533573
0,0.0,37.58492497467276,74.73735829368061
0,0.0,37.46848534936139,74.90768444778362
0,0.0,37.3525076435202,75.07833038372709
0,0.0,37.23699305677941,75.2492957675933
0,0.0,37.12194278876924,75.42058026546457
0,0.0,37.00735803911991,75.59218354342322
0,0.0,36.89324000746162,75.76410526755156
0,0.0,36.77958989342461,75.93634510393188
0,0.0,36.66640889663908,76.10890271864653
0,0.0,36.553698216735256,76.28177777777779
0,0.0,36.44145905334335,76.45496994740797
0,0.0,36.32969260609359,76.6284788936194
0,0.0,36.21840007461618,76.80230428249438
0,0.0,36.10758265854134,76.97644578011521
0,0.0,35.997241557499294,77.15090305256422
0,0.0,35.887377971120245,77.3256757659237
0,0.0,35.777993099034425,77.500763586276
0,0.0,35.66908814087205,77.67616617970339
0,0.0,35.560664296263326,77.85188321228819
0,0.0,35.45272276483847,78.02791435011271
0,0.0,35.34526474622771,78.20425925925927
0,0.0,35.23829144006127,78.38091760581018
0,0.0,35.13180404596934,78.55788905584774
0,0.0,35.02580376358216,78.73517327545427
0,0.0,34.92029179252994,78.91276993071209
0,0.0,34.815269332442895,79.09067868770349
0,0.0,34.71073758295124,79.26889921251079
0,0.0,34.6066977436852,79.44743117121631
0,0.0,34.50315101427499,79.62627422990234
0,0.0,34.40009859435082,79.8054280546512
0,0.0,34.29754168354292,79.98489231154521
0,0.0,34.19548148148149,80.16466666666668
0,0.0,34.09391918779676,80.3447507860979
0,0.0,33.99285600211894,80.52514433592121
0,0.0,33.89229312407826,80.7058469822189
0,0.0,33.79223175330492,80.88685839107328
0,0.0,33.69267308942914,81.06817822856667
0,0.0,33.59361833208115,81.24980616078138
0,0.0,33.49506868089116,81.43174185379972
0,0.0,33.39702533548938,81.61398497370399
0,0.0,33.29948949550604,81.79653518657652
0,0.0,33.20246236057134,81.9793921584996
0,0.0,33.10594513031551,82.16255555555557
0,0.0,33.00993900436877,82.34602504382671
0,0.0,32.91444518236133,82.52980028939534
0,0.0,32.8194648639234,82.71388095834378
0,0.0,32.724999248685215,82.89826671675434
0,0.0,32.631049536276976,83.08295723070931
0,0.0,32.53761692632891,83.26795216629102
0,0.0,32.444702618471226,83.45325118958178
0,0.0,32.35230781233415,83.6388539666639
0,0.0,32.2604337075479,83.82476016361969
0,0.0,32.169081503742674,84.01096944653145
0,0.0,32.07825240054871,84.1974814814815
0,0.0,31.987947597596218,84.38429593455216
0,0.0,31.89816829451542,84.57141247182571
0,0.0,31.808915690936523,84.7588307593845
0,0.0,31.720190986489747,84.94655046331081
0,0.0,31.631995380805314,85.13457124968697
0,0.0,31.544330073513443,85.32289278459528
0,0.0,31.457196264244338,85.51151473411807
0,0.0,31.37059515262823,85.70043676433761
0,0.0,31.28452793829533,85.88965854133625
0,0.0,31.198995820875854,86.07917973119628
0,0.0,31.114000000000022,86.26900000000002
0,0.0,31.114,86.269
0,0.0,30.874475210218705,86.81284851370557
0,0.0,30.63942151646039,87.36028458959558
0,0.0,30.40884720483068,87.9112349389209
0,0.0,30.182760561435188,88.46562627293237
0,0.0,29.961169872379546,89.02338530288087
0,0.0,29.744083423769375,89.58443874001726
0,0.0,29.5315095017103,90.1487132955924
0,0.0,29.32345639230794,90.71613568085715
0,0.0,29.11993238166792,91.28663260706236
0,0.0,28.920945755895865,91.86013078545892
0,0.0,28.726504801097395,92.43655692729767
0,0.0,28.536617803378135,93.01583774382948
0,0.0,28.351293048843708,93.59789994630522
0,0.0,28.170538823599735,94.18267024597573
0,0.0,27.994363413751845,94.77007535409189
0,0.0,27.822775105405654,95.36004198190456
0,0.0,27.655782184666787,95.95249684066458
0,0.0,27.493392937640873,96.54736664162284
0,0.0,27.335615650433525,97.1445780960302
0,0.0,27.182458609150373,97.7440579151375
0,0.0,27.03393009989704,98.34573281019563
0,0.0,26.890038408779148,98.94952949245543
0,0.0,26.750791821902318,99.55537467316776
0,0.0,26.616198625372178,100.1631950635835
0,0.0,26.486267105294345,100.7729173749535
0,0.0,26.361005547774447,101.38446831852862
0,0.0,26.240422238918104,101.99777460555973
0,0.0,26.124525464830942,102.6127629472977
0,0.0,26.01332351161858,103.22936005499335
0,0.0,25.906824665386647,103.8474926398976
0,0.0,25.805037212240762,104.46708741326128
0,0.0,25.707969438286547,105.08807108633525
0,0.0,25.615629629629627,105.71037037037037
0,0.0,25.528026072375624,106.33391197661751
0,0.0,25.445167052630165,106.95862261632755
0,0.0,25.367060856498867,107.58442900075131
0,0.0,25.29371577008736,108.21125784113968
0,0.0,25.225140079501262,108.83903584874353
0,0.0,25.1613420708462,109.4676897348137
0,0.0,25.10233003022779,110.09714621060107
0,0.0,25.048112243751664,110.72733198735648
0,0.0,24.99869699752344,111.3581737763308
0,0.0,24.95409257764874,111.9895982887749
0,0.0,24.91430727023319,112.62153223593964
0,0.0,24.879349361382413,113.25390232907588
0,0.0,24.84922713720203,113.88663527943449
0,0.0,24.823948883797666,114.51965779826631
0,0.0,24.803522887274944,115.15289659682222
0,0.0,24.78795743373949,115.78627838635308
0,0.0,24.77726080929692,116.41972987810973
0,0.0,24.771441300052864,117.05317778334307
0,0.0,24.770507192112937,117.68654881330394
0,0.0,24.77446677158277,118.3197696792432
0,0.0,24.783328324567982,118.95276709241172
0,0.0,24.797100137174198,119.58546776406035
0,0.0,24.815790495507045,120.21779840543996
0,0.0,24.839407685672136,120.84968572780141
0,0.0,24.867959993775102,121.48105644239558
0,0.0,24.901455705921563,122.11183726047331
0,0.0,24.939903108217145,122.74195489328547
0,0.0,24.98331048676747,123.37133605208291
0,0.0,25.031686127678157,123.99990744811649
0,0.0,25.08503831705483,124.62759579263711
0,0.0,25.143375341003118,125.25432779689558
0,0.0,25.20670548562864,125.8800301721428
0,0.0,25.275037037037023,126.50462962962962
0,0.0,25.348378281333883,127.1280528806069
0,0.0,25.426737504624846,127.7502266363255
0,0.0,25.510122993015536,128.37107760803627
0,0.0,25.59854303261158,128.99053250699012
0,0.0,25.692005909518592,129.60851804443783
0,0.0,25.790519909842203,130.22496093163033
0,0.0,25.894093319688036,130.83978787981846
0,0.0,26.00273442516171,131.4529256002531
0,0.0,26.116451512368847,132.0643008041851
0,0.0,26.235252867415078,132.67384020286528
0,0.0,26.359146776406014,133.28147050754455
0,0.0,26.488141525447286,133.8871184294738
0,0.0,26.62224540064452,134.4907106799038
0,0.0,26.761466688103333,135.0921739700855
0,0.0,26.90581367392935,135.6914350112697
0,0.0,27.055294644228198,136.2884205147073
0,0.0,27.209917885105494,136.88305719164916
0,0.0,27.369691682666865,137.4752717533461
0,0.0,27.53462432301793,138.06499091104905
0,0.0,27.704724092264314,138.6521413760088
0,0.0,27.879999276511644,139.2366498594763
0,0.0,28.06045816186554,139.8184430727023
0,0.0,28.24610903443163,140.39744772693777
0,0.0,28.436960180315523,140.97359053343348
0,0.0,28.633019885622854,141.54679820344035
0,0.0,28.834296436459248,142.11699744820925
0,0.0,29.04079811893032,142.68411497899098
0,0.0,29.252533219141696,143.24807750703647
0,0.0,29.469510023199,143.80881174359655
0,0.0,29.691736817207858,144.36624439992207
0,0.0,29.91922188727389,144.9203021872639
0,0.0,30.151973519502715,145.47091181687293
0,0.0,30.38999999999996,146.01799999999997
0,0.0,30.39,146.018
0,0.0,30.445742527818744,146.1440220200165
0,0.0,30.501697186125103,146.2699061876803
0,0.0,30.55786367810335,146.39565239168545
0,0.0,30.614241706937758,146.5212605207261
0,0.0,30.67083097581261,146.6467304634963
0,0.0,30.72763118791218,146.77206210869022
0,0.0,30.784642046420743,146.8972553450019
0,0.0,30.841863254522575,147.0223100611255
0,0.0,30.899294515401955,147.14722614575507
0,0.0,30.956935532243154,147.27200348758475
0,0.0,31.014786008230452,147.39664197530865
0,0.0,31.072845646548128,147.52114149762085
0,0.0,31.13111415038045,147.64550194321544
0,0.0,31.1895912229117,147.76972320078656
0,0.0,31.248276567326155,147.8938051590283
0,0.0,31.307169886808087,148.01774770663476
0,0.0,31.366270884541777,148.14155073230003
0,0.0,31.425579263711494,148.26521412471826
0,0.0,31.485094727501522,148.3887377725835
0,0.0,31.544816979096137,148.51212156458988
0,0.0,31.604745721679606,148.6353653894315
0,0.0,31.664880658436214,148.75846913580247
0,0.0,31.725221492550236,148.88143269239688
0,0.0,31.785767927205946,149.00425594790883
0,0.0,31.846519665587618,149.12693879103247
0,0.0,31.907476410879536,149.24948111046183
0,0.0,31.96863786626597,149.37188279489106
0,0.0,32.03000373493119,149.49414373301425
0,0.0,32.091573720059486,149.61626381352553
0,0.0,32.15334752483513,149.73824292511895
0,0.0,32.21532485244239,149.86008095648867
0,0.0,32.27750540606556,149.98177779632877
0,0.0,32.33988888888889,150.10333333333335
0,0.0,32.40247500409668,150.2247474561965
0,0.0,32.46526345487319,150.34602005361234
0,0.0,32.52825394440271,150.46715101427498
0,0.0,32.5914461758695,150.58814022687852
0,0.0,32.654839852457854,150.70898758011705
0,0.0,32.718434677352036,150.8296929626847
0,0.0,32.782230353736324,150.95025626327555
0,0.0,32.846226584795,151.07067737058372
0,0.0,32.91042307371233,151.19095617330328
0,0.0,32.9748195236726,151.31109256012837
0,0.0,33.03941563786009,151.4310864197531
0,0.0,33.10421111945906,151.55093764087152
0,0.0,33.16920567165379,151.6706461121778
0,0.0,33.234398997628574,151.790211722366
0,0.0,33.29979080056766,151.90963436013024
0,0.0,33.365380783655354,152.0289139141646
0,0.0,33.43116865007591,152.14805027316322
0,0.0,33.497154103013614,152.2670433258202
0,0.0,33.563336845652735,152.3858929608296
0,0.0,33.62971658117756,152.5045990668856
0,0.0,33.69629301277236,152.62316153268222
0,0.0,33.763065843621405,152.7415802469136
0,0.0,33.83003477690898,152.85985509827384
0,0.0,33.89719951581936,152.97798597545707
0,0.0,33.96455976353681,153.09597276715735
0,0.0,34.032115223245626,153.21381536206883
0,0.0,34.099865598130066,153.33151364888556
0,0.0,34.16781059137442,153.44906751630168
0,0.0,34.23594990616295,153.5664768530113
0,0.0,34.30428324567995,153.6837415477085
0,0.0,34.37281031310968,153.8008614890874
0,0.0,34.44153081163642,153.9178365658421
0,0.0,34.51044444444445,154.03466666666668
0,0.0,34.57955091471805,154.1513516802553
0,0.0,34.648849925641485,154.26789149530197
0,0.0,34.718341180399044,154.38428600050088
0,0.0,34.78802438217499,154.50053508454613
0,0.0,34.85789923415361,154.61663863613177
0,0.0,34.92796543951917,154.73259654395193
0,0.0,34.99822270145595,154.84840869670072
0,0.0,35.06867072314824,154.96407498307224
0,0.0,35.13930920778029,155.0795952917606
0,0.0,35.2101378585364,155.19496951145987
0,0.0,35.28115637860083,155.31019753086423
0,0.0,35.35236447115787,155.42527923866768
0,0.0,35.42376183939179,155.5402145235644
0,0.0,35.49534818648686,155.6550032742485
0,0.0,35.56712321562736,155.769645379414
0,0.0,35.63908662999757,155.88414072775507
0,0.0,35.711238132781766,155.9984892079658
0,0.0,35.78357742716422,156.1126907087403
0,0.0,35.85610421632921,156.2267451187727
0,0.0,35.928818203461006,156.34065232675704
0,0.0,36.0017190917439,156.45441222138746
0,0.0,36.07480658436216,156.56802469135803
0,0.0,36.148080384500055,156.68148962536293
0,0.0,36.221540195341866,156.7948069120962
0,0.0,36.29518572007187,156.90797644025196
0,0.0,36.36901666187435,157.0209980985243
0,0.0,36.44303272393357,157.13387177560733
0,0.0,36.51723360943381,157.24659736019518
0,0.0,36.59161902155935,157.35917474098193
0,0.0,36.66618866349447,157.47160380666168
0,0.0,36.740942238423436,157.58388444592853
0,0.0,36.81587944953053,157.69601654747663
0,0.0,36.89100000000002,157.80800000000002
1,0.0,176.5,67.5
1,0.0,176.34993140774134,67.27948306449868
1,0.0,176.19942004062665,67.05927069903194
1,0.0,176.04846205860255,66.83937056515569
1,0.0,175.8970536216156,66.61979032442576
1,0.0,175.7451908896124,66.40053763839806
1,0.0,175.59287002253944,66.18162016862843
1,0.0,175.44008718034337,65.96304557667276
1,0.0,175.28683852297075,65.7448215240869
1,0.0,175.13312021036813,65.52695567242675
1,0.0,174.97892840248213,65.30945568324816
1,0.0,174.82425925925926,65.092329218107
1,0.0,174.66910894064614,64.87558393855915
1,0.0,174.51347360658932,64.65922750616048
1,0.0,174.35734941703538,64.44326758246685
1,0.0,174.2007325319309,64.22771182903415
1,0.0,174.04361911122243,64.01256790741823
1,0.0,173.88600531485656,63.79784347917498
1,0.0,173.72788730277986,63.58354620586026
1,0.0,173.56926123493892,63.36968374902994
1,0.0,173.4101232712803,63.156263770239896
1,0.0,173.25046957175059,62.943293931046
1,0.0,173.09029629629632,62.730781893004114
1,0.0,172.92959960486408,62.51873531767012
1,0.0,172.76837565740047,62.307161866599884
1,0.0,172.60662061385204,62.09606920134927
1,0.0,172.44433063416537,61.885464983474165
1,0.0,172.28150187828703,61.67535687453043
1,0.0,172.1181305061636,61.465752536073936
1,0.0,171.95421267774162,61.25665962966055
1,0.0,171.7897445529677,61.04808581684615
1,0.0,171.62472229178843,60.840038759186605
1,0.0,171.45914205415033,60.632526118237784
1,0.0,171.29300000000003,60.425555555555555
1,0.0,171.12629228928404,60.2191347326958
1,0.0,170.959015081949,60.01327131121438
1,0.0,170.79116453794143,59.80797295266717
1,0.0,170.6227368172079,59.60324731861004
1,0.0,170.45372807969505,59.39910207059886
1,0.0,170.2841344853494,59.1955448701895
1,0.0,170.11395219411753,58.99258337893784
1,0.0,169.94317736594599,58.79022525839973
1,0.0,169.7718061607814,58.58847817013107
1,0.0,169.5998347385703,58.3873497756877
1,0.0,169.4272592592593,58.186847736625516
1,0.0,169.25407588279492,57.98697971450038
1,0.0,169.0802807691238,57.78775337086816
1,0.0,168.90587007819244,57.58917636728472
1,0.0,168.73083996994745,57.391256365305956
1,0.0,168.5551866043354,57.19400102648771
1,0.0,168.37890614130288,56.99741801238588
1,0.0,168.20199474079644,56.801514984556306
1,0.0,168.02444856276267,56.606299604554884
1,0.0,167.84626376714812,56.41177953393748
1,0.0,167.6674365138994,56.21796243425996
1,0.0,167.48796296296302,56.024855967078196
1,0.0,167.3078392742856,55.832467793948055
1,0.0,167.12706160781374,55.640805576425414
1,0.0,166.94562612349395,55.44987697606614
1,0.0,166.76352898127286,55.25968965442611
1,0.0,166.580766341097,55.07025127306119
1,0.0,166.39733436291294,54.88156949352725
1,0.0,166.2132292066673,54.69365197738017
1,0.0,166.02844703230662,54.50650638617581
1,0.0,165.84298399977746,54.32014038147005
1,0.0,165.65683626902643,54.134561624818744
1,0.0,165.47000000000008,53.94977777777778
1,0.0,165.282471352645,53.765796501903026
1,0.0,165.09424648690774,53.58262545875034
1,0.0,164.90532156273488,53.40027230987562
1,0.0,164.715692740073,53.218744716834706
1,0.0,164.5253561788687,53.03805034118349
1,0.0,164.33430803906847,52.85819684447784
1,0.0,164.14254448061897,52.67919188827362
1,0.0,163.95006166346673,52.501043134126704
1,0.0,163.75685574755835,52.323758243592955
1,0.0,163.56292289284036,52.14734487822826
1,0.0,163.3682592592594,51.97181069958848
1,0.0,163.17286100676196,51.79716336922949
1,0.0,162.97672429529467,51.623410548707156
1,0.0,162.77984528480408,51.45055989957735
1,0.0,162.5822201352368,51.278619083395945
1,0.0,162.38384500653936,51.10759576171881
1,0.0,162.18471605865835,50.93749759610182
1,0.0,161.98482945154035,50.76833224810085
1,0.0,161.7841813451319,50.60010737927175
1,0.0,161.58276789937963,50.43283065117042
1,0.0,161.38058527423004,50.266509725352705
1,0.0,161.1776296296298,50.10115226337449
1,0.0,160.97389712552538,49.936765926791644
1,0.0,160.76938392186344,49.77335837716004
1,0.0,160.5640861785905,49.610937276035536
1,0.0,160.35800005565312,49.44951028497402
1,0.0,160.1511217129979,49.28908506553135
1,0.0,159.94344731057146,49.12966927926341
1,0.0,159.7349730083203,48.97127058772605
1,0.0,159.52569496619103,48.81389665247517
1,0.0,159.3156093441302,48.657555135066616
1,0.0,159.1047123020844,48.502253697056275
1,0.0,158.8930000000002,48.348000000000006
1,0.0,158.893,48.348
1,0.0,157.87391829322715,47.62521744328295
1,0.0,156.84148622950246,46.924147259762194
1,0.0,155.7960143028077,46.244705679383365
1,0.0,154.7378130071246,45.58680893209207
1,0.0,153.66719283643496,44.950373247833916
1,0.0,152.58446428472047,44.335314856554525
1,0.0,151.48993784596294,43.74154998819951
1,0.0,150.3839240141441,43.16899487271449
1,0.0,149.26673328324569,42.61756574004508
1,0.0,148.13867614724944,42.087178820136884
1,0.0,147.00006310013717,41.57775034293553
1,0.0,145.85120463589058,41.089196538386624
1,0.0,144.69241124849145,40.62143363643578
1,0.0,143.5239934319215,40.17437786702862
1,0.0,142.3462616801625,39.74794546011075
1,0.0,141.15952648719622,39.34205264562779
1,0.0,139.96409834700438,38.956615653525354
1,0.0,138.76028775356875,38.59155071374906
1,0.0,137.54840520087106,38.24677405624452
1,0.0,136.3287611828931,37.92220191095734
1,0.0,135.1016661936166,37.61775050783315
1,0.0,133.8674307270233,37.33333607681756
1,0.0,132.62636527709498,37.06887484785618
1,0.0,131.3787803378134,36.82428305089462
1,0.0,130.12498640316025,36.59947691587851
1,0.0,128.86529396711734,36.39437267275345
1,0.0,127.6000135236664,36.20888655146506
1,0.0,126.32945556678919,36.04293478195896
1,0.0,125.05393059046747,35.89643359418076
1,0.0,123.77374908868296,35.76929921807608
1,0.0,122.48922155541743,35.661447883590526
1,0.0,121.20065848465265,35.57279582066971
1,0.0,119.90837037037036,35.503259259259266
1,0.0,118.61266770655229,35.45275442930478
1,0.0,117.31386098718022,35.42119756075189
1,0.0,116.0122607062359,35.40850488354621
1,0.0,114.70817735770106,35.41459262763334
1,0.0,113.40192143555748,35.43937702295891
1,0.0,112.09380343378689,35.48277429946852
1,0.0,110.78413384637105,35.54470068710779
1,0.0,109.4732231672917,35.625072415822345
1,0.0,108.16138189053063,35.72380571555779
1,0.0,106.84892051006955,35.84081681625973
1,0.0,105.53614951989024,35.976021947873804
1,0.0,104.22337941397444,36.129337340345614
1,0.0,102.91092068630388,36.30067922362076
1,0.0,101.59908383086037,36.489963827644885
1,0.0,100.28817934162561,36.69710738236358
1,0.0,98.97851771258135,36.92202611772248
1,0.0,97.67040943770938,37.164636263667184
1,0.0,96.36416501099141,37.42485405014332
1,0.0,95.06009492640925,37.70259570709648
1,0.0,93.7585096779446,37.99777746447229
1,0.0,92.45971975957923,38.31031555221639
1,0.0,91.16403566529489,38.64012620027435
1,0.0,89.87176788907333,38.98712563859183
1,0.0,88.58322692489631,39.3512300971144
1,0.0,87.29872326674558,39.732355805787705
1,0.0,86.01856740860288,40.13041899455736
1,0.0,84.74306984444998,40.545335893368964
1,0.0,83.4725410682686,40.97702273216814
1,0.0,82.20729157404054,41.42539574090049
1,0.0,80.9476318557475,41.89037114951166
1,0.0,79.69387240737129,42.371865187947236
1,0.0,78.44632372289362,42.86979408615284
1,0.0,77.20529629629624,43.384074074074086
1,0.0,75.97110062156094,43.914621381656595
1,0.0,74.74404719266943,44.46135223884598
1,0.0,73.52444650360347,45.02418287558785
1,0.0,72.31260904834483,45.60302952182783
1,0.0,71.10884532087526,46.19780840751151
1,0.0,69.9134658151765,46.80843576258453
1,0.0,68.7267810252303,47.43482781699251
1,0.0,67.54910144501844,48.076900800681045
1,0.0,66.38073756852262,48.73457094359575
1,0.0,65.22199988972464,49.40775447568225
1,0.0,64.07319890260625,50.096367626886156
1,0.0,62.93464510114917,50.80032662715309
1,0.0,61.806648979335165,51.519547706428654
1,0.0,60.689521031145986,52.25394709465847
1,0.0,59.58357175056342,53.00344102178814
1,0.0,58.48911163156916,53.76794571776331
1,0.0,57.406451168145,54.54737741252957
1,0.0,56.33590085427268,55.34165233603251
1,0.0,55.27777118393395,56.150686718217806
1,0.0,54.23237265111055,56.97439678903103
1,0.0,53.20001574978426,57.81269877841782
1,0.0,52.18101097393681,58.665508916323745
1,0.0,51.17566881754996,59.53274343269448
1,0.0,50.18429977460546,60.41431855747561
1,0.0,49.207214339085084,61.31015052061274
1,0.0,48.244723004970524,62.22015555205151
1,0.0,47.29713626624361,63.144249881737494
1,0.0,46.36476461688602,64.08234973961638
1,0.0,45.447918550879564,65.03437135563371
1,0.0,44.54690856220597,66.00023095973512
1,0.0,43.662045144847,66.97984478186623
1,0.0,42.79363879278438,67.97312905197266
1,0.0,41.941999999999894,68.98000000000002
2,0.0,36.891,157.808
2,0.0,37.73301039782582,159.03505811301463
2,0.0,38.597026861823004,160.24383129530176
2,0.0,39.482663661407464,161.4341723571806
2,0.0,40.38953506599512,162.60593410897053
2,0.0,41.3172553450019,163.7589693609908
2,0.0,42.265438767843726,164.89313092356068
2,0.0,43.233699603936515,166.00827160699947
2,0.0,44.2216521226962,167.10424422162652
2,0.0,45.22891059353869,168.18090157776106
2,0.0,46.25508928587992,169.23809648572242
2,0.0,47.2998024691358,170.2756817558299
2,0.0,48.36266441272227,171.29351019840274
2,0.0,49.44328938605523,172.2914346237603
2,0.0,50.54129165855061,173.26930784222182
2,0.0,51.656285499624346,174.22698266410663
2,0.0,52.78788517869234,175.164311899734
2,0.0,53.93570496517053,176.08114835942322
2,0.0,55.09935912847483,176.9773448534936
2,0.0,56.27846193802117,177.85275419226443
2,0.0,57.47262766322546,178.707229186055
2,0.0,58.68147057350363,179.5406226451846
2,0.0,59.9046049382716,180.35278737997254
2,0.0,61.141645026945305,181.1435762007381
2,0.0,62.392205108940644,181.9128419178006
2,0.0,63.655899453673555,182.66043734147925
2,0.0,64.93234233055996,183.38621528209345
2,0.0,66.22114800901578,184.09002854996243
2,0.0,67.52193075845693,184.77172995540548
2,0.0,68.83430484829934,185.43117230874194
2,0.0,70.15788454795893,186.06820842029106
2,0.0,71.49228412685162,186.68269110037212
2,0.0,72.83711785439334,187.27447315930448
2,0.0,74.19200000000001,187.84340740740737
2,0.0,75.55654483308754,188.38934665500014
2,0.0,76.93036662307186,188.91214371240204
2,0.0,78.3130796393689,189.41165138993236
2,0.0,79.70429815139457,189.8877224979104
2,0.0,81.10363642856481,190.34020984665548
2,0.0,82.51070874029553,190.76896624648688
2,0.0,83.92512935600264,191.17384450772386
2,0.0,85.34651254510209,191.55469744068577
2,0.0,86.77447257700976,191.91137785569185
2,0.0,88.20862372114163,192.24373856306144
2,0.0,89.64858024691358,192.55163237311382
2,0.0,91.09395642374155,192.83491209616824
2,0.0,92.54436652104147,193.09343054254407
2,0.0,93.99942480822921,193.32704052256054
2,0.0,95.45874555472076,193.53559484653695
2,0.0,96.92194302993201,193.71894632479263
2,0.0,98.38863150327889,193.8769477676468
2,0.0,99.85842524417731,194.00945198541888
2,0.0,101.3309385220432,194.11631178842805
2,0.0,102.80578560629249,194.19737998699364
2,0.0,104.28258076634111,194.25250939143496
2,0.0,105.76093827160494,194.28155281207125
2,0.0,107.24047239149996,194.28436305922187
2,0.0,108.72079739544202,194.2607929432061
2,0.0,110.2015275528471,194.2106952743432
2,0.0,111.68227713313112,194.1339228629525
2,0.0,113.16266040571,194.03032851935325
2,0.0,114.64229163999963,193.89976505386477
2,0.0,116.12078510541596,193.74208527680634
2,0.0,117.5977550713749,193.5571419984973
2,0.0,119.07281580729239,193.34478802925688
2,0.0,120.54558158258433,193.10487617940439
2,0.0,122.01566666666668,192.83725925925916
2,0.0,123.48268532895531,192.54179007914047
2,0.0,124.94625183886617,192.21832144936758
2,0.0,126.40598046581516,191.8667061802598
2,0.0,127.86148547921829,191.48679708213643
2,0.0,129.31238114849134,191.07844696531677
2,0.0,130.75828174305033,190.6415086401201
2,0.0,132.1988015323112,190.1758349168657
2,0.0,133.6335547856898,189.68127860587293
2,0.0,135.06215577260207,189.157692517461
2,0.0,136.48421876246394,188.60492946194924
2,0.0,137.89935802469134,188.02284224965695
2,0.0,139.30718782870022,187.4112836909034
2,0.0,140.70732244390646,186.7701065960079
2,0.0,142.099376139726,186.09916377528975
2,0.0,143.48296318557473,185.39830803906824
2,0.0,144.85769785086868,184.66739219766262
2,0.0,146.2231944050236,183.90626906139227
2,0.0,147.57906711745554,183.11479144057643
2,0.0,148.9249302575804,182.29281214553436
2,0.0,150.26039809481406,181.44018398658542
2,0.0,151.5850848985725,180.55675977404886
2,0.0,152.8986049382716,179.642392318244
2,0.0,154.2005724833273,178.6969344294901
2,0.0,155.4906018031555,177.7202389181065
2,0.0,156.76830716717217,176.71215859441247
2,0.0,158.03330284479318,175.6725462687273
2,0.0,159.2852031054345,174.60125475137028
2,0.0,160.523622218512,173.49813685266068
2,0.0,161.74817445344166,172.36304538291787
2,0.0,162.95847407963933,171.19583315246106
2,0.0,164.15413536652102,169.99635297160958
2,0.0,165.33477258350257,168.76445765068274
2,0.0,166.49999999999997,167.4999999999998
3,0.0,42.964,70.031
3,0.0,43.29532225633542,70.41611753696542
3,0.0,43.63139470204545,70.78686285464585
3,0.0,43.97210312491304,71.1435977404903
3,0.0,44.31733331272113,71.48668398194783
3,0.0,44.66697105325265,71.81648336646745
3,0.0,45.020902134290566,72.13335768149818
3,0.0,45.37901234361779,72.43766871448905
3,0.0,45.741187469017284,72.72977825288906
3,0.0,46.107313298271976,73.01004808414726
3,0.0,46.477275619164814,73.27883999571267
3,0.0,46.850960219478736,73.5365157750343
3,0.0,47.228252886996685,73.78343720956119
3,0.0,47.609039409501605,74.01996608674234
3,0.0,47.99320557477643,74.2464641940268
3,0.0,48.38063717060411,74.46329331886358
3,0.0,48.77121998476758,74.6708152487017
3,0.0,49.16483980504978,74.86939177099019
3,0.0,49.56138241923366,75.05938467317807
3,0.0,49.96073361510214,75.24115574271437
3,0.0,50.362779180438196,75.4150667670481
3,0.0,50.76740490302473,75.5814795336283
3,0.0,51.17449657064472,75.74075582990399
3,0.0,51.58393997108108,75.89325744332417
3,0.0,51.995620892116754,76.0393461613379
3,0.0,52.409425121534696,76.17938377139419
3,0.0,52.82523844711785,76.31373206094204
3,0.0,53.24294665664913,76.4427528174305
3,0.0,53.662435537911506,76.5668078283086
3,0.0,54.08359087868791,76.68625888102534
3,0.0,54.50629846676127,76.80146776302975
3,0.0,54.930444089914545,76.91279626177086
3,0.0,55.355913535930675,77.02060616469768
3,0.0,55.78259259259259,77.12525925925927
3,0.0,56.210367047683235,77.2271173329046
3,0.0,56.63912268898556,77.32654217308273
3,0.0,57.06874530428249,77.42389556724268
3,0.0,57.49912068135698,77.51953930283345
3,0.0,57.93013460799196,77.6138351673041
3,0.0,58.361672871970384,77.70714494810363
3,0.0,58.79362126107519,77.79983043268106
3,0.0,59.225865563089314,77.89225340848543
3,0.0,59.65829156579569,77.98477566296575
3,0.0,60.090785056977275,78.07775898357104
3,0.0,60.523231824417,78.17156515775034
3,0.0,60.955517655897815,78.26655597295266
3,0.0,61.387528339202646,78.36309321662704
3,0.0,61.819149662114455,78.46153867622249
3,0.0,62.250267412416164,78.56225413918801
3,0.0,62.680767377890724,78.66560139297268
3,0.0,63.11053534632107,78.77194222502548
3,0.0,63.53945710549016,78.88163842279545
3,0.0,63.96741844318091,78.9950517737316
3,0.0,64.39430514717627,79.11254406528296
3,0.0,64.8200030052592,79.23447708489857
3,0.0,65.24439780521261,79.36121262002743
3,0.0,65.66737533481947,79.49311245811857
3,0.0,66.08882138186269,79.63053838662103
3,0.0,66.50862173412524,79.77385219298381
3,0.0,66.92666217939006,79.92341566465593
3,0.0,67.34282850544007,80.07959058908645
3,0.0,67.75700650005822,80.24273875372435
3,0.0,68.16908195102747,80.4132219460187
3,0.0,68.57894064613072,80.59140195341847
3,0.0,68.98646837315094,80.77764056337273
3,0.0,69.39155091987108,80.97229956333047
3,0.0,69.79407407407406,81.17574074074074
3,0.0,70.19392362354283,81.38832588305253
3,0.0,70.59098535606034,81.6104167777149
3,0.0,70.9851450594095,81.84237521217685
3,0.0,71.3762885213733,82.08456297388742
3,0.0,71.76430152973464,82.33734185029562
3,0.0,72.14906987227647,82.60107362885047
3,0.0,72.53047933678175,82.876120097001
3,0.0,72.90841571103338,83.16284304219626
3,0.0,73.28276478281435,83.46160425188523
3,0.0,73.65341233990759,83.77276551351696
3,0.0,74.020244170096,84.09668861454045
3,0.0,74.38314606116258,84.43373534240474
3,0.0,74.74200380089023,84.78426748455887
3,0.0,75.0967031770619,85.14864682845183
3,0.0,75.44712997746053,85.52723516153267
3,0.0,75.79316998986909,85.92039427125039
3,0.0,76.13470900207048,86.32848594505404
3,0.0,76.47163280184766,86.75187197039261
3,0.0,76.80382717698357,87.19091413471516
3,0.0,77.13117791526116,87.64597422547068
3,0.0,77.45357080446334,88.11741403010822
3,0.0,77.7708916323731,88.60559533607679
3,0.0,78.08302618677334,89.11087993082543
3,0.0,78.38986025544702,89.63362960180314
3,0.0,78.69127962617706,90.17420613645895
3,0.0,78.98717008674643,90.7329713222419
3,0.0,79.27741742493806,91.31028694660097
3,0.0,79.5619074285349,91.90651479698523
3,0.0,79.84052588531986,92.52201666084369
3,0.0,80.11315858307591,93.15715432562537
3,0.0,80.37969130958598,93.8122895787793
3,0.0,80.64000985263303,94.48778420775449
3,0.0,80.89399999999998,95.18399999999997
3,0.0,80.894,95.184
3,0.0,80.99794104600747,95.48438092381832
3,0.0,81.09827033316535,95.78933940156591
3,0.0,81.19501981244957,96.09878081086346
3,0.0,81.28822143483607,96.41261052933167
3,0.0,81.37790715130079,96.7307339345913
3,0.0,81.46410891281967,97.05305640426302
3,0.0,81.54685867036862,97.37948331596755
3,0.0,81.62618837492361,97.70992004732561
3,0.0,81.70212997746056,98.04427197595793
3,0.0,81.7747154289554,98.38244447948519
3,0.0,81.84397668038409,98.72434293552811
3,0.0,81.90994568272255,99.06987272170743
3,0.0,81.97265438694672,99.41893921564383
3,0.0,82.03213474403252,99.77144779495805
3,0.0,82.0884187049559,100.12730383727077
3,0.0,82.14153822069281,100.48641272020274
3,0.0,82.19152524221916,100.84867982137465
3,0.0,82.2384117205109,101.2140105184072
3,0.0,82.28222960654396,101.58231018892114
3,0.0,82.3230108512943,101.95348421053716
3,0.0,82.36078740573782,102.32743796087597
3,0.0,82.39559122085049,102.70407681755829
3,0.0,82.42745424760822,103.08330615820483
3,0.0,82.45640843698696,103.46503136043631
3,0.0,82.48248573996264,103.84915780187343
3,0.0,82.5057181075112,104.23559086013692
3,0.0,82.52613749060858,104.62423591284748
3,0.0,82.54377584023071,105.01499833762583
3,0.0,82.55866510735352,105.40778351209266
3,0.0,82.57083724295296,105.80249681386871
3,0.0,82.58032419800496,106.19904362057468
3,0.0,82.58715792348545,106.5973293098313
3,0.0,82.59137037037038,106.99725925925925
3,0.0,82.59299348963569,107.39873884647928
3,0.0,82.59205923225728,107.80167344911207
3,0.0,82.58859954921114,108.20596844477835
3,0.0,82.58264639147316,108.61152921109884
3,0.0,82.5742317100193,109.01826112569424
3,0.0,82.56338745582549,109.42606956618526
3,0.0,82.55014557986766,109.83485991019262
3,0.0,82.53453803312176,110.24453753533703
3,0.0,82.51659676656372,110.65500781923922
3,0.0,82.49635373116948,111.06617613951987
3,0.0,82.47384087791497,111.4779478737997
3,0.0,82.44909015777613,111.89022839969945
3,0.0,82.4221335217289,112.30292309483983
3,0.0,82.3930029207492,112.71593733684152
3,0.0,82.36173030581297,113.12917650332525
3,0.0,82.32834762789616,113.54254597191174
3,0.0,82.2928868379747,113.95595112022168
3,0.0,82.25537988702455,114.36929732587582
3,0.0,82.2158587260216,114.78248996649485
3,0.0,82.1743553059418,115.19543441969947
3,0.0,82.13090157776111,115.60803606311043
3,0.0,82.08552949245545,116.0202002743484
3,0.0,82.03827100100075,116.43183243103412
3,0.0,81.98915805437296,116.8428379107883
3,0.0,81.93822260354801,117.25312209123165
3,0.0,81.88549659950183,117.66259034998488
3,0.0,81.83101199321037,118.0711480646687
3,0.0,81.77480073564956,118.47870061290384
3,0.0,81.71689477779533,118.88515337231098
3,0.0,81.65732607062363,119.29041172051087
3,0.0,81.59612656511038,119.6943810351242
3,0.0,81.53332821223152,120.09696669377169
3,0.0,81.468962962963,120.49807407407405
3,0.0,81.40306276828075,120.89760855365199
3,0.0,81.33565957916069,121.29547551012624
3,0.0,81.26678534657877,121.69158032111747
3,0.0,81.19647202151094,122.08582836424645
3,0.0,81.12475155493311,122.47812501713386
3,0.0,81.05165589782123,122.8683756574004
3,0.0,80.97721700115125,123.25648566266683
3,0.0,80.90146681589907,123.64236041055382
3,0.0,80.82443729304065,124.0259052786821
3,0.0,80.74616038355192,124.40702564467237
3,0.0,80.66666803840883,124.78562688614537
3,0.0,80.5859922085873,125.16161438072177
3,0.0,80.50416484506327,125.53489350602233
3,0.0,80.42121789881269,125.90536963966773
3,0.0,80.33718332081148,126.2729481592787
3,0.0,80.25209306203557,126.63753444247594
3,0.0,80.16597907346092,126.99903386688015
3,0.0,80.07887330606346,127.35735181011209
3,0.0,79.9908077108191,127.71239364979243
3,0.0,79.9018142387038,128.06406476354192
3,0.0,79.81192484069351,128.41227052898122
3,0.0,79.72117146776412,128.75691632373108
3,0.0,79.62958607089162,129.0979075254122
3,0.0,79.53720060105191,129.4351495116453
3,0.0,79.44404700922094,129.76854766005113
3,0.0,79.35015724637464,130.09800734825032
3,0.0,79.25556326348895,130.42343395386365
3,0.0,79.16029701153981,130.7447328545118
3,0.0,79.06439044150316,131.0618094278155
3,0.0,78.96787550435492,131.37456905139544
3,0.0,78.87078415107104,131.68291710287235
3,0.0,78.77314833262744,131.98675895986693
3,0.0,78.67500000000008,132.28599999999994
3,0.0,78.67500000000001,132.286
3,0.0,78.42568992135415,133.01830057848147
3,0.0,78.17053957285333,133.72866296883745
3,0.0,77.90962787656177,134.417459971617
3,0.0,77.64303375454371,135.08506438736924
3,0.0,77.37083612886339,135.73184901664334
3,0.0,77.093113921585,136.35818665998832
3,0.0,76.80994605477282,136.96445011795333
3,0.0,76.52141145049104,137.5510121910875
3,0.0,76.22758903080391,138.1182456799399
3,0.0,75.92855771777566,138.66652338505966
3,0.0,75.62439643347052,139.1962181069959
3,0.0,75.3151840999527,139.7077026462977
3,0.0,75.00099963928646,140.20134980351418
3,0.0,74.681921973536,140.67753237919447
3,0.0,74.35803002476557,141.13662317388764
3,0.0,74.0294027150394,141.57899498814282
3,0.0,73.69611896642171,142.00502062250916
3,0.0,73.35825770097672,142.4150728775357
3,0.0,73.01589784076869,142.80952455377158
3,0.0,72.66911830786181,143.18874845176592
3,0.0,72.31799802432035,143.5531173720678
3,0.0,71.96261591220852,143.90300411522634
3,0.0,71.60305089359055,144.23878148179068
3,0.0,71.23938189053067,144.56082227230988
3,0.0,70.8716878250931,144.8694992873331
3,0.0,70.50004761934208,145.1651853274094
3,0.0,70.12454019534187,145.4482531930879
3,0.0,69.74524447515664,145.71907568491775
3,0.0,69.36223938085065,145.97802560344803
3,0.0,68.97560383448814,146.22547574922783
3,0.0,68.58541675813333,146.46179892280628
3,0.0,68.19175707385044,146.68736792473248
3,0.0,67.79470370370372,146.90255555555558
3,0.0,67.39433556975737,147.10773461582463
3,0.0,66.99073159407564,147.30327790608877
3,0.0,66.58397069872277,147.4895582268971
3,0.0,66.17413180576297,147.6669483787987
3,0.0,65.76129383726048,147.83582116234277
3,0.0,65.34553571527952,147.99654937807833
3,0.0,64.92693636188433,148.1495058265545
3,0.0,64.50557469913913,148.29506330832044
3,0.0,64.08152964910816,148.43359462392522
3,0.0,63.654880133855656,148.56547257391796
3,0.0,63.22570507544582,148.69106995884775
3,0.0,62.794083395942906,148.81075957926373
3,0.0,62.36009401741113,148.924914235715
3,0.0,61.92381586191473,149.03390672875065
3,0.0,61.48532785151794,149.1381098589198
3,0.0,61.044708908284974,149.23789642677156
3,0.0,60.60203795428008,149.33363923285503
3,0.0,60.15739391156747,149.42571107771937
3,0.0,59.71085570221138,149.51448476191362
3,0.0,59.26250224827605,149.6003330859869
3,0.0,58.812412471825695,149.68362885048836
3,0.0,58.36066529492456,149.76474485596708
3,0.0,57.90733963963685,149.8440539029722
3,0.0,57.452514428026824,149.92192879205277
3,0.0,56.9962685821587,149.99874232375794
3,0.0,56.53868102409669,150.07486729863683
3,0.0,56.07983067590506,150.1506765172385
3,0.0,55.619796459648,150.2265427801121
3,0.0,55.15865729738978,150.30283888780676
3,0.0,54.69649211119459,150.37993764087153
3,0.0,54.23337982312668,150.45821183985555
3,0.0,53.769399355250286,150.53803428530796
3,0.0,53.30462962962963,150.6197777777778
3,0.0,52.839149568328935,150.70381511781423
3,0.0,52.37303809341244,150.79051910596633
3,0.0,51.90637412694437,150.8802625427832
3,0.0,51.439236590988955,150.973418228814
3,0.0,50.97170440761043,151.07035896460783
3,0.0,50.50385649887302,151.17145755071377
3,0.0,50.035771786840954,151.27708678768093
3,0.0,49.567529193578466,151.38761947605843
3,0.0,49.09920764114978,151.5034284163954
3,0.0,48.63088605161913,151.6248864092409
3,0.0,48.16264334705075,151.75236625514407
3,0.0,47.694558449508854,151.886240754654
3,0.0,47.22671028105769,152.02688270831982
3,0.0,46.75917776376147,152.17466491669066
3,0.0,46.29203981968444,152.32996018031557
3,0.0,45.82537537089081,152.4931412997437
3,0.0,45.35926333944484,152.66458107552415
3,0.0,44.89378264741074,152.84465230820607
3,0.0,44.42901221685273,153.03372779833848
3,0.0,43.965030969835055,153.23218034647056
3,0.0,43.501917828421945,153.44038275315137
3,0.0,43.03975171467763,153.65870781893005
3,0.0,42.578611550666324,153.88752834435576
3,0.0,42.11857625845228,154.12721712997748
3,0.0,41.65972476009971,154.37814697634445
3,0.0,41.202135977672846,154.64069068400568
3,0.0,40.745888833235924,154.91522105351035
3,0.0,40.291062248853166,155.20211088540754
3,0.0,39.83773514658882,155.50173298024635
3,0.0,39.38598644850709,155.81446013857587
3,0.0,38.93589507667222,156.14066516094528
3,0.0,38.48753995314844,156.48072084790363
3,0.0,38.04099999999998,156.83500000000004
3,0.0,38.04100000000001,156.835
3,0.0,38.02938383838385,156.8448282828283
3,0.0,38.01776767676769,156.85465656565657
3,0.0,38.00615151515153,156.86448484848486
3,0.0,37.99453535353536,156.87431313131313
3,0.0,37.9829191919192,156.88414141414142
3,0.0,37.97130303030304,156.89396969696972
3,0.0,37.95968686868688,156.903797979798
3,0.0,37.94807070707072,156.91362626262628
3,0.0,37.93645454545456,156.92345454545455
3,0.0,37.92483838383839,156.93328282828284
3,0.0,37.91322222222223,156.9431111111111
3,0.0,37.90160606060607,156.9529393939394
3,0.0,37.88998989898991,156.9627676767677
3,0.0,37.87837373737375,156.97259595959596
3,0.0,37.86675757575759,156.98242424242426
3,0.0,37.85514141414143,156.99225252525252
3,0.0,37.84352525252526,157.00208080808082
3,0.0,37.8319090909091,157.0119090909091
3,0.0,37.82029292929294,157.02173737373738
3,0.0,37.80867676767678,157.03156565656568
3,0.0,37.79706060606062,157.04139393939394
3,0.0,37.78544444444446,157.05122222222224
3,0.0,37.7738282828283,157.0610505050505
3,0.0,37.76221212121213,157.0708787878788
3,0.0,37.75059595959597,157.0807070707071
3,0.0,37.73897979797981,157.09053535353536
3,0.0,37.72736363636365,157.10036363636365
3,0.0,37.71574747474749,157.11019191919192
3,0.0,37.70413131313133,157.1200202020202
3,0.0,37.69251515151516,157.1298484848485
3,0.0,37.680898989899,157.13967676767678
3,0.0,37.66928282828284,157.14950505050507
3,0.0,37.65766666666668,157.15933333333334
3,0.0,37.64605050505052,157.16916161616163
3,0.0,37.63443434343436,157.17898989898993
3,0.0,37.6228181818182,157.1888181818182
3,0.0,37.61120202020203,157.1986464646465
3,0.0,37.59958585858587,157.20847474747475
3,0.0,37.58796969696971,157.21830303030305
3,0.0,37.57635353535355,157.2281313131313
3,0.0,37.56473737373739,157.2379595959596
3,0.0,37.553121212121226,157.2477878787879
3,0.0,37.54150505050506,157.25761616161617
3,0.0,37.5298888888889,157.26744444444446
3,0.0,37.51827272727274,157.27727272727273
3,0.0,37.50665656565658,157.28710101010103
3,0.0,37.49504040404042,157.29692929292932
3,0.0,37.483424242424256,157.3067575757576
3,0.0,37.471808080808096,157.31658585858588
3,0.0,37.46019191919193,157.32641414141415
3,0.0,37.44857575757577,157.33624242424244
3,0.0,37.43695959595961,157.3460707070707
3,0.0,37.425343434343446,157.355898989899
3,0.0,37.413727272727286,157.3657272727273
3,0.0,37.402111111111125,157.37555555555556
3,0.0,37.390494949494965,157.38538383838386
3,0.0,37.3788787878788,157.39521212121213
3,0.0,37.36726262626264,157.40504040404042
3,0.0,37.355646464646476,157.41486868686872
3,0.0,37.344030303030316,157.42469696969698
3,0.0,37.332414141414155,157.43452525252528
3,0.0,37.320797979797995,157.44435353535354
3,0.0,37.30918181818183,157.45418181818184
3,0.0,37.297565656565666,157.4640101010101
3,0.0,37.285949494949506,157.4738383838384
3,0.0,37.274333333333345,157.4836666666667
3,0.0,37.262717171717185,157.49349494949496
3,0.0,37.251101010101024,157.50332323232325
3,0.0,37.239484848484864,157.51315151515152
3,0.0,37.227868686868696,157.52297979797981
3,0.0,37.216252525252536,157.5328080808081
3,0.0,37.204636363636375,157.54263636363638
3,0.0,37.193020202020215,157.55246464646467
3,0.0,37.181404040404054,157.56229292929294
3,0.0,37.16978787878789,157.57212121212123
3,0.0,37.158171717171726,157.58194949494953
3,0.0,37.146555555555565,157.5917777777778
3,0.0,37.134939393939405,157.6016060606061
3,0.0,37.123323232323244,157.61143434343435
3,0.0,37.111707070707084,157.62126262626265
3,0.0,37.10009090909092,157.63109090909091
3,0.0,37.08847474747476,157.6409191919192
3,0.0,37.076858585858595,157.6507474747475
3,0.0,37.065242424242435,157.66057575757577
3,0.0,37.053626262626274,157.67040404040407
3,0.0,37.04201010101011,157.68023232323233
3,0.0,37.03039393939395,157.69006060606063
3,0.0,37.01877777777779,157.69988888888892
3,0.0,37.007161616161625,157.7097171717172
3,0.0,36.995545454545464,157.71954545454548
3,0.0,36.983929292929304,157.72937373737375
3,0.0,36.97231313131314,157.73920202020204
3,0.0,36.96069696969698,157.7490303030303
3,0.0,36.94908080808082,157.7588585858586
3,0.0,36.93746464646466,157.7686868686869
3,0.0,36.925848484848494,157.77851515151517
3,0.0,36.91423232323233,157.78834343434346
3,0.0,36.90261616161617,157.79817171717173
3,0.0,36.89100000000001,157.80800000000002
4,0.0,166.5,167.5
4,0.0,167.02781851367465,166.8514519524394
4,0.0,167.5491045832264,166.20600190662879
4,0.0,168.0638767287197,165.56357737151126
4,0.0,168.57215347021898,164.92410585602994
4,0.0,169.07395332778864,164.28751486912796
4,0.0,169.56929482149317,163.65373191974845
4,0.0,170.05819647139697,163.0226845168345
4,0.0,170.54067679756446,162.39430016932926
4,0.0,171.0167543200601,161.7685063861758
4,0.0,171.48644755894833,161.1452306763173
4,0.0,171.94977503429357,160.52440054869683
4,0.0,172.40675526616022,159.90594351225755
4,0.0,172.85740677461277,159.28978707594257
4,0.0,173.30174807971565,158.675858748695
4,0.0,173.73979770153323,158.06408603945795
4,0.0,174.17157416013004,157.45439645717454
4,0.0,174.59709597557043,156.84671751078793
4,0.0,175.01638166791886,156.24097670924118
4,0.0,175.42944975723978,155.63710156147744
4,0.0,175.8363187635976,155.03501957643985
4,0.0,176.2370072070568,154.4346582630715
4,0.0,176.63153360768177,153.8359451303155
4,0.0,177.01991648553695,153.238807687115
4,0.0,177.40217436068676,152.64317344241312
4,0.0,177.77832575319567,152.04896990515294
4,0.0,178.1483891831281,151.45612458427763
4,0.0,178.51238317054847,150.86456498873028
4,0.0,178.87032623552122,150.27421862745402
4,0.0,179.2222368981108,149.68501300939195
4,0.0,179.56813367838163,149.0968756434872
4,0.0,179.90803509639812,148.50973403868292
4,0.0,180.24195967222477,147.9235157039222
4,0.0,180.56992592592593,147.33814814814815
4,0.0,180.8919523775661,146.7535588803039
4,0.0,181.20805754720968,146.1696754093326
4,0.0,181.51825995492112,145.58642524417732
4,0.0,181.82257812076483,145.0037358937812
4,0.0,182.1210305648053,144.42153486708736
4,0.0,182.41363580710689,143.83974967303894
4,0.0,182.7004123677341,143.25830782057903
4,0.0,182.98137876675128,142.67713681865075
4,0.0,183.25655352422297,142.09616417619725
4,0.0,183.5259551602135,141.5153174021616
4,0.0,183.7896021947874,140.934524005487
4,0.0,184.04751314800902,140.35371149511647
4,0.0,184.29970653994286,139.7728073799932
4,0.0,184.5462008906533,139.19173916906027
4,0.0,184.7870147202048,138.61043437126082
4,0.0,185.0221665486618,138.02882049553799
4,0.0,185.25167489608873,137.44682505083486
4,0.0,185.47555828255003,136.86437554609458
4,0.0,185.6938352281101,136.28139949026024
4,0.0,185.9065242528334,135.69782439227498
4,0.0,186.11364387678438,135.1135777610819
4,0.0,186.31521262002744,134.52858710562415
4,0.0,186.51124900262704,133.94277993484485
4,0.0,186.70177154464758,133.3560837576871
4,0.0,186.88679876615353,132.768426083094
4,0.0,187.0663491872093,132.17973442000869
4,0.0,187.24044132787935,131.5899362773743
4,0.0,187.40909370822808,130.99895916413396
4,0.0,187.57232484831997,130.40673058923076
4,0.0,187.7301532682194,129.81317806160783
4,0.0,187.8825974879908,129.2182290902083
4,0.0,188.02967602769868,128.6218111839753
4,0.0,188.1714074074074,128.02385185185187
4,0.0,188.30781014718144,127.42427860278124
4,0.0,188.4389027670852,126.82301894570645
4,0.0,188.56470378718313,126.22000038957066
4,0.0,188.68523172753964,125.61515044331699
4,0.0,188.80050510821923,125.00839661588853
4,0.0,188.91054244928625,124.39966641622843
4,0.0,189.01536227080518,123.78888735327979
4,0.0,189.11498309284045,123.17598693598575
4,0.0,189.2094234354565,122.5608926732894
4,0.0,189.29870181871775,121.94353207413388
4,0.0,189.3828367626886,121.32383264746232
4,0.0,189.46184678743356,120.7017219022178
4,0.0,189.535750413017,120.07712734734349
4,0.0,189.6045661595034,119.44997649178246
4,0.0,189.66831254695717,118.82019684447786
4,0.0,189.72700809544276,118.18771591437283
4,0.0,189.78067132502457,117.55246121041043
4,0.0,189.82932075576704,116.91436024153384
4,0.0,189.87297490773463,116.27334051668613
4,0.0,189.91165230099176,115.62932954481046
4,0.0,189.94537145560287,114.98225483484993
4,0.0,189.97415089163238,114.33204389574763
4,0.0,189.99800912914472,113.67862423644675
4,0.0,190.01696468820435,113.02192336589036
4,0.0,190.0310360888757,112.36186879302159
4,0.0,190.0402418512232,111.69838802678353
4,0.0,190.04460049531124,111.03140857611936
4,0.0,190.0441305412043,110.36085794997217
4,0.0,190.03885050896682,109.68666365728507
4,0.0,190.02877891866322,109.00875320700119
4,0.0,190.01393429035792,108.32705410806363
4,0.0,189.99433514411538,107.64149386941557
4,0.0,189.97,106.95200000000006
4,0.0,189.97,106.952
4,0.0,189.95238670141885,106.52418177901863
4,0.0,189.93263202579823,106.09756320062166
4,0.0,189.91072743968613,105.67212566435707
4,0.0,189.88666440963044,105.24785056977282
4,0.0,189.86043440217912,104.82471931641689
4,0.0,189.83202888388013,104.40271330383727
4,0.0,189.80143932128138,103.98181393158191
4,0.0,189.76865718093083,103.5620025991988
4,0.0,189.7336739293764,103.1432607062359
4,0.0,189.69648103316607,102.7255696522412
4,0.0,189.65706995884773,102.30891083676269
4,0.0,189.61543217296938,101.8932656593483
4,0.0,189.57155914207888,101.47861551954603
4,0.0,189.52544233272425,101.06494181690385
4,0.0,189.4770732114534,100.65222595096975
4,0.0,189.42644324481424,100.24044932129168
4,0.0,189.37354389935473,99.82959332741763
4,0.0,189.31836664162284,99.41963936889556
4,0.0,189.26090293816648,99.01056884527347
4,0.0,189.20114425553362,98.6023631560993
4,0.0,189.13908206027216,98.19500370092105
4,0.0,189.07470781893005,97.78847187928669
4,0.0,189.00801299805525,97.38274909074418
4,0.0,188.93898906419568,96.97781673484153
4,0.0,188.8676274838993,96.57365621112667
4,0.0,188.79391972371403,96.1702489191476
4,0.0,188.71785725018785,95.76757625845228
4,0.0,188.63943152986863,95.3656196285887
4,0.0,188.5586340293044,94.96436042910484
4,0.0,188.475456215043,94.56378005954865
4,0.0,188.38988955363246,94.16385991946812
4,0.0,188.30192551162065,93.76458140841122
4,0.0,188.21155555555555,93.36592592592592
4,0.0,188.11877115198513,92.9678748715602
4,0.0,188.02356376745726,92.57040964486204
4,0.0,187.92592486851993,92.1735116453794
4,0.0,187.82584592172105,91.77716227266028
4,0.0,187.72331839360857,91.38134292625263
4,0.0,187.61833375073044,90.98603500570442
4,0.0,187.5108834596346,90.59121991056364
4,0.0,187.400958986869,90.19687904037826
4,0.0,187.28855179898156,89.80299379469628
4,0.0,187.1736533625202,89.40954557306561
4,0.0,187.05625514403295,89.01651577503429
4,0.0,186.93634861006763,88.62388580015025
4,0.0,186.81392522717226,88.2316370479615
4,0.0,186.68897646189475,87.839750918016
4,0.0,186.56149378078305,87.4482088098617
4,0.0,186.43146865038509,87.0569921230466
4,0.0,186.29889253724883,86.66608225711867
4,0.0,186.16375690792222,86.27546061162589
4,0.0,186.02605322895315,85.88510858611623
4,0.0,185.8857729668896,85.49500758013767
4,0.0,185.7429075882795,85.10513899323816
4,0.0,185.5974485596708,84.7154842249657
4,0.0,185.4493873476114,84.32602467486825
4,0.0,185.29871541864932,83.93674174249381
4,0.0,185.1454242393324,83.54761682739031
4,0.0,184.9895052762087,83.15863132910576
4,0.0,184.83094999582605,82.76976664718813
4,0.0,184.66974986473244,82.38100418118538
4,0.0,184.5058963494758,81.9923253306455
4,0.0,184.33938091660406,81.60371149511644
4,0.0,184.1701950326652,81.21514407414621
4,0.0,183.99833016420712,80.82660446728276
4,0.0,183.8237777777778,80.43807407407407
4,0.0,183.64652933992514,80.04953429406811
4,0.0,183.46657631719708,79.66096652681286
4,0.0,183.2839101761416,79.2723521718563
4,0.0,183.0985223833066,78.88367262874638
4,0.0,182.91040440524006,78.49490929703111
4,0.0,182.71954770848987,78.10604357625844
4,0.0,182.52594375960402,77.71705686597636
4,0.0,182.32958402513043,77.32793056573283
4,0.0,182.13045997161703,76.93864607507582
4,0.0,181.92856306561174,76.54918479355332
4,0.0,181.72388477366258,76.1595281207133
4,0.0,181.5164165623174,75.76965745610373
4,0.0,181.3061498981242,75.37955419927259
4,0.0,181.0930762476309,74.98919974976785
4,0.0,180.87718707738546,74.5985755071375
4,0.0,180.65847385393576,74.20766287092947
4,0.0,180.43692804382982,73.81644324069178
4,0.0,180.21254111361552,73.42489801597239
4,0.0,179.98530452984082,73.03300859631928
4,0.0,179.75520975905368,72.6407563812804
4,0.0,179.522248267802,72.24812277040375
4,0.0,179.28641152263376,71.85508916323731
4,0.0,179.0476909900969,71.46163695932903
4,0.0,178.8060781367393,71.0677475582269
4,0.0,178.56156442910898,70.67340235947889
4,0.0,178.31414133375384,70.27858276263296
4,0.0,178.06380031722182,69.8832701672371
4,0.0,177.81053284606088,69.4874459728393
4,0.0,177.55433038681895,69.0910915789875
4,0.0,177.29518440604394,68.6941883852297
4,0.0,177.03308637028383,68.29671779111386
4,0.0,176.76802774608655,67.89866119618799
4,0.0,176.50000000000003,67.5
5,0.0,176.5,67.5
5,0.0,176.0835624513681,67.998031937578
5,0.0,175.66313321976008,68.47787227442262
5,0.0,175.23876469933495,68.93986506942706
5,0.0,174.81050928425157,69.38435438148447
5,0.0,174.37841936866883,69.81168426948807
5,0.0,173.9425473467457,70.22219879233103
5,0.0,173.50294561264104,70.61624200890654
5,0.0,173.05966656051382,70.99415797810778
5,0.0,172.61276258452293,71.35629075882795
5,0.0,172.16228607882726,71.70298440996024
5,0.0,171.70828943758573,72.03458299039781
5,0.0,171.2508250549573,72.35143055903387
5,0.0,170.78994532510083,72.65387117476159
5,0.0,170.32570264217526,72.94224889647418
5,0.0,169.8581494003395,73.21690778306481
5,0.0,169.38733799375245,73.47819189342667
5,0.0,168.91332081657305,73.72644528645294
5,0.0,168.43615026296018,73.96201202103681
5,0.0,167.9558787270728,74.18523615607148
5,0.0,167.47255860306979,74.39646175045011
5,0.0,166.98624228511005,74.59603286306591
5,0.0,166.49698216735254,74.78429355281207
5,0.0,166.00483064395615,74.96158787858175
5,0.0,165.5098401090798,75.12825989926816
5,0.0,165.01206295688237,75.28465367376448
5,0.0,164.5115515815228,75.43111326096388
5,0.0,164.00835837716005,75.56798271975958
5,0.0,163.50253573795294,75.69560610904473
5,0.0,162.99413605806046,75.81432748771255
5,0.0,162.4832117316415,75.9244909146562
5,0.0,161.96981515285495,76.02644044876888
5,0.0,161.45399871585977,76.12052014894378
5,0.0,160.93581481481482,76.20707407407407
5,0.0,160.41531584387906,76.28644628305295
5,0.0,159.89255419721138,76.3589808347736
5,0.0,159.36758226897072,76.42502178812923
5,0.0,158.84045245331595,76.48491320201299
5,0.0,158.31121714440602,76.53899913531808
5,0.0,157.77992873639982,76.58762364693769
5,0.0,157.2466396234563,76.63113079576502
5,0.0,156.71140219973432,76.66986464069322
5,0.0,156.17426885939284,76.70416924061551
5,0.0,155.63529199659075,76.73438865442508
5,0.0,155.094524005487,76.76086694101508
5,0.0,154.55201728024045,76.78394815927874
5,0.0,154.00782421501003,76.8039763681092
5,0.0,153.46199720395467,76.82129562639969
5,0.0,152.9145886412333,76.83624999304337
5,0.0,152.36565092100477,76.84918352693344
5,0.0,151.81523643742807,76.86044028696308
5,0.0,151.26339758466207,76.87036433202549
5,0.0,150.7101867568657,76.87929972101382
5,0.0,150.15565634819785,76.88759051282129
5,0.0,149.59985875281745,76.89558076634108
5,0.0,149.04284636488345,76.90361454046638
5,0.0,148.48467157855467,76.91203589409037
5,0.0,147.92538678799013,76.92118888610624
5,0.0,147.3650443873487,76.93141757540715
5,0.0,146.80369677078926,76.94306602088633
5,0.0,146.24139633247074,76.95647828143694
5,0.0,145.6781954665521,76.97199841595219
5,0.0,145.11414656719222,76.98997048332522
5,0.0,144.54930202855,77.01073854244927
5,0.0,143.98371424478438,77.03464665221749
5,0.0,143.41743561005427,77.06203887152309
5,0.0,142.85051851851856,77.09325925925924
5,0.0,142.2830153643362,77.12865187431913
5,0.0,141.71497854166606,77.16856077559595
5,0.0,141.1464604446671,77.2133300219829
5,0.0,140.5775134674982,77.26330367237313
5,0.0,140.0081900043183,77.31882578565987
5,0.0,139.4385424492863,77.38024042073627
5,0.0,138.86862319656112,77.44789163649554
5,0.0,138.29848464030164,77.52212349183084
5,0.0,137.72817917466682,77.60328004563539
5,0.0,137.15775919381556,77.69170535680236
5,0.0,136.58727709190677,77.78774348422495
5,0.0,136.01678526309937,77.89173848679631
5,0.0,135.44633610155228,78.00403442340966
5,0.0,134.87598200142435,78.12497535295819
5,0.0,134.3057753568746,78.25490533433505
5,0.0,133.73576856206185,78.39416842643348
5,0.0,133.16601401114508,78.54310868814662
5,0.0,132.59656409828318,78.70207017836766
5,0.0,132.02747121763505,78.87139695598982
5,0.0,131.45878776335962,79.05143307990627
5,0.0,130.8905661296158,79.24252260901018
5,0.0,130.32285871056249,79.44500960219474
5,0.0,129.7557179003586,79.65923811835317
5,0.0,129.1891960931631,79.88555221637863
5,0.0,128.62334568313486,80.1242959551643
5,0.0,128.0582190644328,80.37581339360338
5,0.0,127.49386863121582,80.64044859058905
5,0.0,126.93034677764285,80.9185456050145
5,0.0,126.36770589787281,81.21044849577291
5,0.0,125.80599838606459,81.51650132175747
5,0.0,125.24527663637713,81.83704814186139
5,0.0,124.68559304296932,82.17243301497781
5,0.0,124.1270000000001,82.52299999999995
5,0.0,124.12700000000001,82.523
5,0.0,123.45067924629419,82.9658389754086
5,0.0,122.78770486107891,83.41727592937846
5,0.0,122.13805865820743,83.87714544898016
5,0.0,121.50172245153298,84.34528212128426
5,0.0,120.87867805490886,84.82152053336137
5,0.0,120.26890728218828,85.30569527228205
5,0.0,119.67239194722453,85.7976409251169
5,0.0,119.08911386387084,86.29719207893649
5,0.0,118.51905484598048,86.80418332081142
5,0.0,117.96219670740669,87.31844923781226
5,0.0,117.41852126200276,87.8398244170096
5,0.0,116.8880103236219,88.36814344547402
5,0.0,116.3706457061174,88.90324091027611
5,0.0,115.8664092233425,89.44495139848644
5,0.0,115.37528268915047,89.99310949717561
5,0.0,114.89724791739454,90.54754979341419
5,0.0,114.432286721928,91.10810687427278
5,0.0,113.98038091660406,91.67461532682194
5,0.0,113.54151231527602,92.24690973813226
5,0.0,113.11566273179712,92.82482469527434
5,0.0,112.7028139800206,93.40819478531876
5,0.0,112.30294787379972,93.99685459533607
5,0.0,111.91604622698776,94.5906387123969
5,0.0,111.54209085343797,95.1893817235718
5,0.0,111.18106356700358,95.79291821593138
5,0.0,110.83294618153786,96.4010827765462
5,0.0,110.49772051089407,97.01370999248685
5,0.0,110.17536836892546,97.63063445082392
5,0.0,109.86587156948528,98.25169073862799
5,0.0,109.5692119264268,98.87671344296965
5,0.0,109.28537125360327,99.50553715091945
5,0.0,109.01433136486794,100.13799644954803
5,0.0,108.75607407407408,100.77392592592594
5,0.0,108.51058119507492,101.41316016712375
5,0.0,108.27783454172373,102.05553376021206
5,0.0,108.05781592787378,102.70088129226146
5,0.0,107.8505071673783,103.34903735034253
5,0.0,107.65589007409056,103.99983652152585
5,0.0,107.47394646186382,104.65311339288199
5,0.0,107.30465814455133,105.30870255148156
5,0.0,107.14800693600633,105.96643858439512
5,0.0,107.00397465008209,106.62615607869327
5,0.0,106.87254310063186,107.28768962144659
5,0.0,106.75369410150891,107.95087379972566
5,0.0,106.64740946656649,108.61554320060105
5,0.0,106.55367100965785,109.28153241114337
5,0.0,106.47246054463623,109.9486760184232
5,0.0,106.40375988535492,110.6168086095111
5,0.0,106.34755084566716,111.28576477147767
5,0.0,106.30381523942619,111.95537909139348
5,0.0,106.27253488048528,112.62548615632915
5,0.0,106.2536915826977,113.29592055335522
5,0.0,106.24726715991667,113.96651686954229
5,0.0,106.25324342599548,114.63710969196094
5,0.0,106.27160219478736,115.30753360768176
5,0.0,106.3023252801456,115.97762320377535
5,0.0,106.3453944959234,116.64721306731226
5,0.0,106.40079165597407,117.31613778536308
5,0.0,106.46849857415084,117.98423194499841
5,0.0,106.54849706430696,118.65133013328882
5,0.0,106.64076894029571,119.31726693730491
5,0.0,106.74529601597031,119.98187694411723
5,0.0,106.86206010518406,120.64499474079642
5,0.0,106.99104302179018,121.306454914413
5,0.0,107.13222657964192,121.96609205203758
5,0.0,107.28559259259256,122.62374074074077
5,0.0,107.45112287449537,123.2792355675931
5,0.0,107.62879923920356,123.9324111196652
5,0.0,107.81860350057042,124.58310198402762
5,0.0,108.0205174724492,125.23114274775097
5,0.0,108.23452296869313,125.87636799790582
5,0.0,108.4606018031555,126.51861232156276
5,0.0,108.69873578968954,127.15771030579236
5,0.0,108.94890674214852,127.79349653766522
5,0.0,109.2110964743857,128.4258056042519
5,0.0,109.48528680025433,129.05447209262303
5,0.0,109.77145953360765,129.67933058984914
5,0.0,110.06959648829894,130.30021568300083
5,0.0,110.37967947818143,130.9169619591487
5,0.0,110.7016903171084,131.52940400536332
5,0.0,111.0356108189331,132.13737640871528
5,0.0,111.38142279750878,132.74071375627517
5,0.0,111.73910806668869,133.33925063511353
5,0.0,112.10864844032608,133.932821632301
5,0.0,112.49002573227423,134.52126133490813
5,0.0,112.88322175638639,135.10440433000554
5,0.0,113.2882183265158,135.68208520466376
5,0.0,113.70499725651574,136.2541385459534
5,0.0,114.13354036023944,136.82039894094504
5,0.0,114.57382945154015,137.38070097670928
5,0.0,115.02584634427114,137.9348792403167
5,0.0,115.4895728522857,138.48276831883783
5,0.0,115.96499078943702,139.02420279934333
5,0.0,116.4520819695784,139.55901726890374
5,0.0,116.95082820656307,140.08704631458968
5,0.0,117.46121131424432,140.60812452347167
5,0.0,117.98321310647538,141.12208648262035
5,0.0,118.5168153971095,141.6287667791063
5,0.0,119.06199999999994,142.12800000000004
5,0.0,119.06200000000001,142.128
5,0.0,119.47388833132881,142.4914695583526
5,0.0,119.89068975439531,142.84577666884124
5,0.0,120.31229073100148,143.1911326209756
5,0.0,120.73857772294933,143.52774870426538
5,0.0,121.16943719204082,143.85583620822032
5,0.0,121.60475560007792,144.1756064223502
5,0.0,122.04441940886264,144.4872706361647
5,0.0,122.48831508019694,144.7910401391736
5,0.0,122.93632907588281,145.08712622088655
5,0.0,123.38834785772222,145.37574017081332
5,0.0,123.84425788751716,145.65709327846363
5,0.0,124.30394562706961,145.93139683334724
5,0.0,124.76729753818154,146.19886212497383
5,0.0,125.23420008265495,146.45970044285318
5,0.0,125.7045397222918,146.71412307649496
5,0.0,126.17820291889409,146.96234131540893
5,0.0,126.65507613426378,147.20456644910485
5,0.0,127.13504583020287,147.4410097670924
5,0.0,127.61799846851332,147.67188255888132
5,0.0,128.10382051099714,147.89739611398136
5,0.0,128.5923984194563,148.1177617219022
5,0.0,129.08361865569273,148.33319067215362
5,0.0,129.5773676815085,148.54389425424532
5,0.0,130.07353195870553,148.75008375768704
5,0.0,130.5719979490858,148.95197047198852
5,0.0,131.07265211445133,149.14976568665946
5,0.0,131.57538091660408,149.3436806912096
5,0.0,132.080070817346,149.53392677514867
5,0.0,132.5866082784791,149.7207152279864
5,0.0,133.0948797618054,149.90425733923254
5,0.0,133.6047717291268,150.08476439839677
5,0.0,134.11617064224532,150.26244769498885
5,0.0,134.62896296296296,150.43751851851852
5,0.0,135.14303515308168,150.61018815849548
5,0.0,135.65827367440346,150.78066790442944
5,0.0,136.17456498873028,150.9491690458302
5,0.0,136.69179555786414,151.1159028722074
5,0.0,137.20985184360697,151.28108067307087
5,0.0,137.72862030776082,151.44491373793025
5,0.0,138.2479874121276,151.60761335629533
5,0.0,138.76783961850936,151.76939081767577
5,0.0,139.28806338870803,151.93045741158136
5,0.0,139.8085451845256,152.09102442752183
5,0.0,140.32917146776407,152.25130315500684
5,0.0,140.8498287002254,152.4115048835462
5,0.0,141.3704033437116,152.5718409026496
5,0.0,141.8907818600246,152.73252250182674
5,0.0,142.41085071096643,152.8937609705874
5,0.0,142.93049635833904,153.0557675984413
5,0.0,143.44960526394442,153.21875367489815
5,0.0,143.96806388958456,153.38293048946767
5,0.0,144.48575869706144,153.54850933165963
5,0.0,145.002576148177,153.7157014909837
5,0.0,145.5184027047333,153.88471825694967
5,0.0,146.03312482853224,154.0557709190672
5,0.0,146.54662898137585,154.2290707668461
5,0.0,147.0588016250661,154.40482908979604
5,0.0,147.56952922140496,154.58325717742676
5,0.0,148.07869823219443,154.764566319248
5,0.0,148.58619511923644,154.94896780476947
5,0.0,149.09190634433304,155.1366729235009
5,0.0,149.59571836928617,155.32789296495204
5,0.0,150.09751765589783,155.5228392186326
5,0.0,150.59719066596998,155.72172297405234
5,0.0,151.09462386130463,155.92475552072094
5,0.0,151.58970370370372,156.13214814814816
5,0.0,152.08231665496925,156.3441121458437
5,0.0,152.5723491769032,156.56085880331733
5,0.0,153.05968773130758,156.78259941007875
5,0.0,153.54421877998433,157.0095452556377
5,0.0,154.02582878473544,157.24190762950388
5,0.0,154.50440420736288,157.47989782118708
5,0.0,154.97983150966868,157.72372712019697
5,0.0,155.45199715345478,157.97360681604331
5,0.0,155.92078760052314,158.2297481982358
5,0.0,156.38608931267578,158.4923625562842
5,0.0,156.8477887517147,158.76166117969822
5,0.0,157.3057723794418,159.0378553579876
5,0.0,157.75992665765915,159.32115638066205
5,0.0,158.21013804816866,159.61177553723132
5,0.0,158.65629301277235,159.90992411720512
5,0.0,159.0982780132722,160.21581341009318
5,0.0,159.53597951147017,160.52965470540525
5,0.0,159.96928396916826,160.85165929265102
5,0.0,160.39807784816847,161.18203846134028
5,0.0,160.8222476102727,161.5210035009827
5,0.0,161.24167971728303,161.86876570108802
5,0.0,161.65626063100137,162.225536351166
5,0.0,162.06587681322975,162.59152674072632
5,0.0,162.4704147257701,162.96694815927876
5,0.0,162.86976083042444,163.35201189633298
5,0.0,163.26380158899474,163.7469292413988
5,0.0,163.652423463283,164.15191148398588
5,0.0,164.03551291509115,164.56716991360395
5,0.0,164.41295640622118,164.9929158197628
5,0.0,164.78464039847512,165.42936049197206
5,0.0,165.15045135365492,165.87671521974156
5,0.0,165.51027573356254,166.33519129258096
5,0.0,165.864,166.805
5,0.0,165.864,166.80499999999998
5,0.0,165.87042424242424,166.81203030303027
5,0.0,165.8768484848485,166.8190606060606
5,0.0,165.88327272727273,166.82609090909088
5,0.0,165.88969696969698,166.8331212121212
5,0.0,165.89612121212122,166.8401515151515
5,0.0,165.90254545454545,166.8471818181818
5,0.0,165.9089696969697,166.8542121212121
5,0.0,165.91539393939394,166.8612424242424
5,0.0,165.9218181818182,166.8682727272727
5,0.0,165.92824242424243,166.875303030303
5,0.0,165.93466666666666,166.88233333333332
5,0.0,165.94109090909092,166.8893636363636
5,0.0,165.94751515151515,166.89639393939393
5,0.0,165.9539393939394,166.90342424242422
5,0.0,165.96036363636364,166.9104545454545
5,0.0,165.96678787878787,166.91748484848483
5,0.0,165.97321212121213,166.92451515151512
5,0.0,165.97963636363636,166.93154545454544
5,0.0,165.98606060606062,166.93857575757573
5,0.0,165.99248484848485,166.94560606060602
5,0.0,165.99890909090908,166.95263636363634
5,0.0,166.00533333333334,166.95966666666664
5,0.0,166.01175757575757,166.96669696969695
5,0.0,166.01818181818183,166.97372727272725
5,0.0,166.02460606060606,166.98075757575756
5,0.0,166.03103030303032,166.98778787878786
5,0.0,166.03745454545455,166.99481818181815
5,0.0,166.04387878787878,167.00184848484847
5,0.0,166.05030303030304,167.00887878787876
5,0.0,166.05672727272727,167.01590909090908
5,0.0,166.06315151515153,167.02293939393937
5,0.0,166.06957575757576,167.0299696969697
5,0.0,166.076,167.03699999999998
5,0.0,166.08242424242425,167.04403030303027
5,0.0,166.08884848484848,167.0510606060606
5,0.0,166.09527272727274,167.05809090909088
5,0.0,166.10169696969697,167.0651212121212
5,0.0,166.1081212121212,167.0721515151515
5,0.0,166.11454545454546,167.0791818181818
5,0.0,166.1209696969697,167.0862121212121
5,0.0,166.12739393939395,167.0932424242424
5,0.0,166.13381818181819,167.1002727272727
5,0.0,166.14024242424242,167.107303030303
5,0.0,166.14666666666668,167.11433333333332
5,0.0,166.1530909090909,167.1213636363636
5,0.0,166.15951515151517,167.12839393939393
5,0.0,166.1659393939394,167.13542424242422
5,0.0,166.17236363636363,167.1424545454545
5,0.0,166.1787878787879,167.14948484848483
5,0.0,166.18521212121212,167.15651515151512
5,0.0,166.19163636363638,167.16354545454544
5,0.0,166.1980606060606,167.17057575757573
5,0.0,166.20448484848484,167.17760606060602
5,0.0,166.2109090909091,167.18463636363634
5,0.0,166.21733333333333,167.19166666666663
5,0.0,166.2237575757576,167.19869696969695
5,0.0,166.23018181818182,167.20572727272724
5,0.0,166.23660606060605,167.21275757575756
5,0.0,166.2430303030303,167.21978787878786
5,0.0,166.24945454545454,167.22681818181815
5,0.0,166.2558787878788,167.23384848484847
5,0.0,166.26230303030303,167.24087878787876
5,0.0,166.26872727272726,167.24790909090908
5,0.0,166.27515151515152,167.25493939393937
5,0.0,166.28157575757575,167.2619696969697
5,0.0,166.288,167.26899999999998
5,0.0,166.29442424242424,167.27603030303027
5,0.0,166.30084848484847,167.2830606060606
5,0.0,166.30727272727273,167.29009090909088
5,0.0,166.31369696969696,167.2971212121212
5,0.0,166.32012121212122,167.3041515151515
5,0.0,166.32654545454545,167.3111818181818
5,0.0,166.33296969696968,167.3182121212121
5,0.0,166.33939393939394,167.3252424242424
5,0.0,166.34581818181817,167.3322727272727
5,0.0,166.35224242424243,167.339303030303
5,0.0,166.35866666666666,167.34633333333332
5,0.0,166.36509090909092,167.3533636363636
5,0.0,166.37151515151515,167.36039393939393
5,0.0,166.37793939393939,167.36742424242422
5,0.0,166.38436363636364,167.3744545454545
5,0.0,166.39078787878788,167.38148484848483
5,0.0,166.39721212121214,167.38851515151512
5,0.0,166.40363636363637,167.39554545454544
5,0.0,166.4100606060606,167.40257575757573
5,0.0,166.41648484848486,167.40960606060602
5,0.0,166.4229090909091,167.41663636363634
5,0.0,166.42933333333335,167.42366666666663
5,0.0,166.43575757575758,167.43069696969695
5,0.0,166.4421818181818,167.43772727272724
5,0.0,166.44860606060607,167.44475757575756
5,0.0,166.4550303030303,167.45178787878785
5,0.0,166.46145454545456,167.45881818181815
5,0.0,166.4678787878788,167.46584848484846
5,0.0,166.47430303030302,167.47287878787876
5,0.0,166.48072727272728,167.47990909090908
5,0.0,166.4871515151515,167.48693939393937
5,0.0,166.49357575757577,167.49396969696969
5,0.0,166.5,167.50099999999998
6,0.0,13.245,227.755
6,0.0,13.060930616232728,225.4790257044478
6,0.0,12.877524207486557,223.20262283790873
6,0.0,12.694801569413139,220.9257987032863
6,0.0,12.512783497664122,218.64856060348407
6,0.0,12.331490787891155,216.37091584140558
6,0.0,12.150944235745888,214.09287171995436
6,0.0,11.971164636879971,211.81443554203395
6,0.0,11.792172786945054,209.53561461054787
6,0.0,11.613989481592787,207.2564162283997
6,0.0,11.436635516474817,204.97684769849292
6,0.0,11.260131687242797,202.69691632373113
6,0.0,11.084498789548377,200.41662940701784
6,0.0,10.909757619043202,198.13599425125656
6,0.0,10.735928971378925,195.85501815935086
6,0.0,10.563033642207195,193.5737084342043
6,0.0,10.391092427179663,191.29207237872038
6,0.0,10.220126121947978,189.01011729580262
6,0.0,10.050155522163786,186.72785048835462
6,0.0,9.881201423478743,184.44527925927986
6,0.0,9.713284621544492,182.1624109114819
6,0.0,9.546425912012689,179.8792527478643
6,0.0,9.380646090534979,177.59581207133058
6,0.0,9.215965952763014,175.31209618478428
6,0.0,9.052406294348444,173.02811239112893
6,0.0,8.889987910942915,170.74386799326805
6,0.0,8.728731598198081,168.4593702941052
6,0.0,8.56865815176559,166.17462659654396
6,0.0,8.40978836729709,163.8896442034878
6,0.0,8.252143040444235,161.60443041784026
6,0.0,8.09574296685867,159.31899254250493
6,0.0,7.940608942192046,157.03333788038532
6,0.0,7.786761762096014,154.74747373438498
6,0.0,7.634222222222223,152.46140740740742
6,0.0,7.48301111822232,150.1751462023562
6,0.0,7.3331492457479595,147.8886974221348
6,0.0,7.1846574004507895,145.60206836964687
6,0.0,7.037556377982458,143.3152663477959
6,0.0,6.891866973994615,141.02829865948536
6,0.0,6.74760998413891,138.74117260761886
6,0.0,6.604806204066994,136.45389549509997
6,0.0,6.463476429430516,134.16647462483212
6,0.0,6.323641455881126,131.87891729971898
6,0.0,6.185322079070473,129.59123082266393
6,0.0,6.048539094650207,127.30342249657065
6,0.0,5.9133132982719765,125.0154996243426
6,0.0,5.779665485587433,122.72746950888335
6,0.0,5.647616452248224,120.43933945309641
6,0.0,5.5171869939060025,118.15111675988537
6,0.0,5.388397906212416,115.8628087321537
6,0.0,5.261269984819113,113.57442267280499
6,0.0,5.135824025377744,111.28596588474274
6,0.0,5.012080823539961,108.99744567087053
6,0.0,4.890061174957411,106.70886933409187
6,0.0,4.769785875281743,104.42024417731028
6,0.0,4.651275720164611,102.13157750342937
6,0.0,4.534551505257658,99.84287661535258
6,0.0,4.41963402621254,97.55414881598352
6,0.0,4.306544078680902,95.26540140822573
6,0.0,4.195302458314396,92.97664169498267
6,0.0,4.085929960764673,90.68787697915798
6,0.0,3.978447381683379,88.39911456365513
6,0.0,3.872875516722166,86.11036175137767
6,0.0,3.7692351615326825,83.82162584522914
6,0.0,3.6675471117665808,81.5329141481131
6,0.0,3.567832163075508,79.2442339629331
6,0.0,3.4701111111111125,76.95559259259258
6,0.0,3.374404751525047,74.66699733999522
6,0.0,3.280733879968958,72.37845550804442
6,0.0,3.1891192920944995,70.08997439964384
6,0.0,3.099581783553317,67.8015613176969
6,0.0,3.0121421499970644,65.51322356510727
6,0.0,2.926821187077385,63.22496844477837
6,0.0,2.8436396904459347,60.93680325961378
6,0.0,2.762618455754362,58.64873531251709
6,0.0,2.683778278654314,56.36077190639173
6,0.0,2.6071399547974377,54.07292034414135
6,0.0,2.532724279835392,51.785187928669416
6,0.0,2.4605520494198174,49.49758196287948
6,0.0,2.390644059202371,47.21010974967513
6,0.0,2.3230211048346963,44.9227785919598
6,0.0,2.2577039819684455,42.63559579263713
6,0.0,2.194713486255269,40.3485686546106
6,0.0,2.134070413346814,38.06170448078376
6,0.0,2.0757955588947326,35.77501057406019
6,0.0,2.0199097185506734,33.48849423734333
6,0.0,1.966433687966287,31.202162773536827
6,0.0,1.9153882627932237,28.916023485544144
6,0.0,1.8667942386831289,26.630083676268868
6,0.0,1.8206724112876547,24.344350648614494
6,0.0,1.7770435762584533,22.058831705484607
6,0.0,1.7359285292471718,19.773534149782733
6,0.0,1.6973480659054587,17.488465284412342
6,0.0,1.6613229818849682,15.203632412277045
6,0.0,1.6278740728373435,12.919042836280369
6,0.0,1.597022134414237,10.634703859325839
6,0.0,1.5687879622673027,8.35062278431701
6,0.0,1.5431923520481838,6.066806914157382
6,0.0,1.5202560994085346,3.783263551750565
6,0.0,1.5000000000000018,1.5000000000000284
7,0.0,224.647,215.68
7,0.0,223.5412484028119,215.91330872545473
7,0.0,222.4350876204139,216.14434124532747
7,0.0,221.328522302919,216.3731207112447
7,0.0,220.22155710044015,216.59967027483282
7,0.0,219.11419666309044,216.82401308771833
7,0.0,218.00644564098283,217.0461723015277
7,0.0,216.8983086842303,217.2661710678873
7,0.0,215.78979044294593,217.48403253842372
7,0.0,214.68089556724266,217.69977986476334
7,0.0,213.57162870723354,217.91343619853262
7,0.0,212.46199451303153,218.12502469135802
7,0.0,211.3519976347497,218.33456849486603
7,0.0,210.24164272250098,218.54209076068304
7,0.0,209.13093442639845,218.7476146404356
7,0.0,208.01987739655507,218.95116328575006
7,0.0,206.90847628308387,219.15275984825297
7,0.0,205.79673573609784,219.35242747957074
7,0.0,204.68466040571,219.55018933132982
7,0.0,203.5722549420333,219.7460685551567
7,0.0,202.45952399518086,219.94008830267785
7,0.0,201.34647221526558,220.13227172551967
7,0.0,200.23310425240052,220.32264197530864
7,0.0,199.1194247566987,220.51122220367125
7,0.0,198.00543837827308,220.6980355622339
7,0.0,196.89114976723667,220.8831052026231
7,0.0,195.77656357370253,221.0664542764653
7,0.0,194.6616844477836,221.24810593538692
7,0.0,193.54651703959294,221.42808333101445
7,0.0,192.43106599924351,221.60640961497435
7,0.0,191.31533597684836,221.78310793889307
7,0.0,190.19933162252045,221.95820145439706
7,0.0,189.08305758637283,222.13171331311275
7,0.0,187.9665185185185,222.30366666666666
7,0.0,186.84971906907043,222.47408466668523
7,0.0,185.73266388814167,222.64299046479488
7,0.0,184.6153576258452,222.8104072126221
7,0.0,183.49780493229406,222.97635806179332
7,0.0,182.3800104576012,223.14086616393504
7,0.0,181.26197885187966,223.30395467067368
7,0.0,180.14371476524244,223.4656467336357
7,0.0,179.02522284780255,223.6259655044476
7,0.0,177.906507749673,223.78493413473578
7,0.0,176.7875741209668,223.94257577612674
7,0.0,175.66842661179697,224.09891358024691
7,0.0,174.54906987227645,224.25397069872275
7,0.0,173.4295085525183,224.40777028318075
7,0.0,172.30974730263557,224.56033548524732
7,0.0,171.18979077274116,224.71168945654895
7,0.0,170.06964361294814,224.86185534871208
7,0.0,168.9493104733695,225.0108563133632
7,0.0,167.8287960041183,225.15871550212873
7,0.0,166.70810485530745,225.30545606663512
7,0.0,165.58724167705003,225.45110115850886
7,0.0,164.46621111945902,225.5956739293764
7,0.0,163.34501783264744,225.7391975308642
7,0.0,162.22366646672828,225.8816951145987
7,0.0,161.10216167181454,226.02318983220636
7,0.0,159.98050809801924,226.16370483531364
7,0.0,158.85871039545538,226.303263275547
7,0.0,157.736773214236,226.44188830453294
7,0.0,156.61470120447404,226.57960307389783
7,0.0,155.49249901628258,226.7164307352682
7,0.0,154.37017129977454,226.85239444027047
7,0.0,153.24772270506304,226.9875173405311
7,0.0,152.12515788226102,227.12182258767658
7,0.0,151.00248148148142,227.25533333333334
7,0.0,149.8796981528374,227.38807272912783
7,0.0,148.75681254644184,227.5200639266865
7,0.0,147.63382931240778,227.65133007763586
7,0.0,146.51075310084826,227.7818943336023
7,0.0,145.38758856187624,227.91177984621234
7,0.0,144.26434034560478,228.0410097670924
7,0.0,143.14101310214681,228.16960724786895
7,0.0,142.0176114816154,228.29759544016844
7,0.0,140.89414013412355,228.42499749561733
7,0.0,139.77060370978427,228.55183656584208
7,0.0,138.64700685871054,228.67813580246911
7,0.0,137.52335423101533,228.80391835712496
7,0.0,136.39965047681176,228.92920738143602
7,0.0,135.2759002462127,229.05402602702878
7,0.0,134.15210818933127,229.17839744552967
7,0.0,133.02827895628042,229.30234478856516
7,0.0,131.9044171971732,229.4258912077617
7,0.0,130.78052756212256,229.5490598547458
7,0.0,129.65661470124152,229.67187388114385
7,0.0,128.53268326464314,229.79435643858233
7,0.0,127.40873790244032,229.9165306786877
7,0.0,126.28478326474618,230.0384197530864
7,0.0,125.16082400167365,230.16004681340493
7,0.0,124.03686476333579,230.2814350112697
7,0.0,122.91291019984556,230.40260749830722
7,0.0,121.78896496131598,230.52358742614388
7,0.0,120.6650336978601,230.6443979464062
7,0.0,119.54112105959084,230.7650622107206
7,0.0,118.41723169662129,230.88560337071357
7,0.0,117.29337025906442,231.0060445780115
7,0.0,116.16954139703321,231.12640898424092
7,0.0,115.04574976064073,231.24671974102827
7,0.0,113.92199999999994,231.367
7,0.0,113.922,231.36700000000002
7,0.0,113.59917354753534,231.40154481556718
7,0.0,113.27633052904311,231.43608334853485
7,0.0,112.95347090742132,231.4706080919387
7,0.0,112.63059464556801,231.50511153881433
7,0.0,112.30770170638122,231.53958618219747
7,0.0,111.98479205275899,231.5740245151237
7,0.0,111.66186564759934,231.6084190306287
7,0.0,111.33892245380032,231.64276222174817
7,0.0,111.01596243425995,231.6770465815177
7,0.0,110.69298555187628,231.7112646029729
7,0.0,110.36999176954733,231.74540877914953
7,0.0,110.04698105017113,231.77947160308318
7,0.0,109.72395335664574,231.81344556780954
7,0.0,109.40090865186916,231.8473231663642
7,0.0,109.07784689873945,231.88109689178287
7,0.0,108.75476806015465,231.91475923710115
7,0.0,108.43167209901277,231.94830269535476
7,0.0,108.10855897821187,231.98171975957928
7,0.0,107.78542866064996,232.01500292281042
7,0.0,107.46228110922509,232.0481446780838
7,0.0,107.13911628683529,232.08113751843507
7,0.0,106.8159341563786,232.1139739368999
7,0.0,106.49273468075305,232.1466464265139
7,0.0,106.16951782285666,232.1791474803128
7,0.0,105.8462835455875,232.2114695913322
7,0.0,105.52303181184357,232.24360525260772
7,0.0,105.19976258452292,232.2755469571751
7,0.0,104.87647582652357,232.3072871980699
7,0.0,104.55317150074359,232.33881846832784
7,0.0,104.22984957008097,232.37013326098455
7,0.0,103.90650999743377,232.40122406907565
7,0.0,103.58315274570003,232.43208338563684
7,0.0,103.25977777777777,232.46270370370374
7,0.0,102.93638505656504,232.493077516312
7,0.0,102.61297454495985,232.52319731649732
7,0.0,102.28954620586026,232.5530555972953
7,0.0,101.96610000216428,232.5826448517416
7,0.0,101.64263589676997,232.61195757287192
7,0.0,101.31915385257534,232.64098625372185
7,0.0,100.99565383247844,232.66972338732705
7,0.0,100.67213579937732,232.6981614667232
7,0.0,100.34859971616997,232.72629298494593
7,0.0,100.02504554575447,232.7541104350309
7,0.0,99.70147325102882,232.78160631001379
7,0.0,99.37788279489106,232.8087731029302
7,0.0,99.05427414023926,232.83560330681578
7,0.0,98.73064724997141,232.86208941470625
7,0.0,98.40700208698557,232.8882239196372
7,0.0,98.08333861417977,232.91399931464431
7,0.0,97.75965679445203,232.93940809276322
7,0.0,97.4359565907004,232.96444274702958
7,0.0,97.11223796582291,232.98909577047908
7,0.0,96.78850088271761,233.01335965614732
7,0.0,96.4647453042825,233.03722689706996
7,0.0,96.14097119341565,233.06068998628265
7,0.0,95.81717851301508,233.08374141682108
7,0.0,95.49336722597882,233.10637368172087
7,0.0,95.16953729520489,233.12857927401768
7,0.0,94.84568868359136,233.15035068674717
7,0.0,94.52182135403625,233.17168041294497
7,0.0,94.19793526943758,233.19256094564673
7,0.0,93.8740303926934,233.21298477788815
7,0.0,93.55010668670175,233.23294440270485
7,0.0,93.22616411436064,233.25243231313243
7,0.0,92.90220263856813,233.27144100220664
7,0.0,92.57822222222225,233.28996296296307
7,0.0,92.25422282822102,233.30799068843737
7,0.0,91.93020441946248,233.32551667166524
7,0.0,91.60616695884467,233.34253340568227
7,0.0,91.28211040926561,233.35903338352418
7,0.0,90.95803473362338,233.37500909822654
7,0.0,90.63393989481597,233.39045304282507
7,0.0,90.30982585574141,233.4053577103554
7,0.0,89.98569257929775,233.41971559385317
7,0.0,89.66154002838303,233.43351918635403
7,0.0,89.33736816589528,233.44676098089366
7,0.0,89.01317695473254,233.4594334705077
7,0.0,88.68896635779284,233.47152914823178
7,0.0,88.36473633797421,233.48304050710155
7,0.0,88.04048685817469,233.49396004015273
7,0.0,87.7162178812923,233.50428024042088
7,0.0,87.39192937022509,233.51399360094172
7,0.0,87.0676212878711,233.52309261475088
7,0.0,86.74329359712834,233.531569774884
7,0.0,86.41894626089488,233.53941757437673
7,0.0,86.09457924206873,233.54662850626474
7,0.0,85.77019250354792,233.55319506358367
7,0.0,85.4457860082305,233.55910973936918
7,0.0,85.12135971901449,233.5643650266569
7,0.0,84.79691359879794,233.56895341848252
7,0.0,84.47244761047888,233.57286740788166
7,0.0,84.14796171695534,233.57609948789
7,0.0,83.82345588112535,233.57864215154316
7,0.0,83.49893006588695,233.58048789187683
7,0.0,83.17438423413819,233.5816292019266
7,0.0,82.84981834877708,233.5820585747282
7,0.0,82.52523237270167,233.58176850331722
7,0.0,82.20062626880998,233.58075148072933
7,0.0,81.87600000000006,233.5790000000002
7,0.0,81.876,233.579
7,0.0,81.62058339748882,233.5771045389102
7,0.0,81.36518202533446,233.57475458492692
7,0.0,81.10979580933301,233.57195478197957
7,0.0,80.85442467528051,233.5687097739975
7,0.0,80.59906854897305,233.56502420491003
7,0.0,80.3437273562067,233.56090271864653
7,0.0,80.08840102277752,233.55634995913633
7,0.0,79.83308947448158,233.55137057030873
7,0.0,79.57779263711495,233.54596919609318
7,0.0,79.3225104364737,233.54015048041893
7,0.0,79.06724279835392,233.53391906721538
7,0.0,78.81198964855163,233.52727960041184
7,0.0,78.55675091286295,233.52023672393767
7,0.0,78.30152651708391,233.51279508172223
7,0.0,78.0463163870106,233.50495931769487
7,0.0,77.79112044843909,233.4967340757849
7,0.0,77.53593862716545,233.48812399992167
7,0.0,77.28077084898572,233.47913373403458
7,0.0,77.02561703969602,233.4697679220529
7,0.0,76.77047712509237,233.460031207906
7,0.0,76.51535103097088,233.4499282355233
7,0.0,76.26023868312758,233.43946364883402
7,0.0,76.00514000735856,233.42864209176759
7,0.0,75.75005492945989,233.41746820825333
7,0.0,75.49498337522765,233.40594664222058
7,0.0,75.23992527045787,233.39408203759874
7,0.0,74.98488054094666,233.38187903831707
7,0.0,74.72984911249007,233.36934228830495
7,0.0,74.47483091088418,233.35647643149173
7,0.0,74.21982586192505,233.34328611180678
7,0.0,73.96483389140873,233.3297759731794
7,0.0,73.70985492513134,233.31595065953897
7,0.0,73.45488888888889,233.3018148148148
7,0.0,73.1999357084775,233.28737308293628
7,0.0,72.94499530969321,233.27263010783275
7,0.0,72.6900676183321,233.2575905334335
7,0.0,72.43515256019022,233.24225900366795
7,0.0,72.18025006106366,233.22664016246537
7,0.0,71.92536004674848,233.2107386537552
7,0.0,71.67048244304075,233.19455912146668
7,0.0,71.41561717573656,233.17810620952923
7,0.0,71.16076417063195,233.16138456187215
7,0.0,70.905923353523,233.14439882242485
7,0.0,70.65109465020578,233.1271536351166
7,0.0,70.39627798647635,233.10965364387678
7,0.0,70.14147328813078,233.09190349263474
7,0.0,69.88668048096515,233.07390782531982
7,0.0,69.63189949077554,233.05567128586137
7,0.0,69.37713024335798,233.03719851818872
7,0.0,69.12237266450857,233.01849416623125
7,0.0,68.86762668002339,232.99956287391825
7,0.0,68.61289221569847,232.9804092851791
7,0.0,68.35816919732991,232.96103804394315
7,0.0,68.10345755071376,232.94145379413973
7,0.0,67.8487572016461,232.92166117969822
7,0.0,67.594068075923,232.90166484454792
7,0.0,67.33939009934052,232.8814694326182
7,0.0,67.08472319769474,232.8610795878384
7,0.0,66.83006729678172,232.84049995413784
7,0.0,66.57542232239754,232.8197351754459
7,0.0,66.32078820033826,232.79878989569195
7,0.0,66.06616485639995,232.77766875880528
7,0.0,65.81155221637867,232.75637640871525
7,0.0,65.55695020607051,232.73491748935123
7,0.0,65.30235875127153,232.71329664464253
7,0.0,65.0477777777778,232.69151851851854
7,0.0,64.79320721138538,232.66958775490855
7,0.0,64.53864697789034,232.64750899774194
7,0.0,64.28409700308876,232.62528689094805
7,0.0,64.0295572127767,232.60292607845622
7,0.0,63.77502753275023,232.58043120419583
7,0.0,63.520507888805426,232.55780691209617
7,0.0,63.26599820673835,232.53505784608663
7,0.0,63.01149841234508,232.51218865009653
7,0.0,62.757008431421674,232.48920396805522
7,0.0,62.502528189764206,232.46610844389204
7,0.0,62.24805761316874,232.44290672153636
7,0.0,61.99359662743136,232.4196034449175
7,0.0,61.73914515834812,232.39620325796483
7,0.0,61.48470313171509,232.37271080460766
7,0.0,61.230270473328346,232.34913072877538
7,0.0,60.975847108983956,232.3254676743973
7,0.0,60.721432964477984,232.30172628540276
7,0.0,60.467027965606505,232.27791120572113
7,0.0,60.21263203816558,232.25402707928177
7,0.0,59.958245107951285,232.23007855001399
7,0.0,59.70386710075968,232.20607026184715
7,0.0,59.449497942386856,232.18200685871057
7,0.0,59.19513755862886,232.15789298453365
7,0.0,58.94078587528177,232.1337332832457
7,0.0,58.68644281814165,232.10953239877605
7,0.0,58.432108313004576,232.0852949750541
7,0.0,58.17778228566661,232.06102565600915
7,0.0,57.92346466192382,232.03672908557056
7,0.0,57.66915536757229,232.01240990766766
7,0.0,57.414854328408076,231.9880727662298
7,0.0,57.16056147022725,231.96372230518637
7,0.0,56.90627671882588,231.93936316846666
7,0.0,56.65200000000003,231.91500000000002
7,0.0,56.652,231.91500000000002
7,0.0,56.213545454545454,231.87296969800033
7,0.0,55.77509090909091,231.8309394021843
7,0.0,55.336636363636366,231.78890911873557
7,0.0,54.89818181818182,231.74687885383787
7,0.0,54.45972727272727,231.70484861367478
7,0.0,54.02127272727273,231.66281840443
7,0.0,53.58281818181818,231.62078823228717
7,0.0,53.144363636363636,231.57875810343
7,0.0,52.70590909090909,231.5367280240421
7,0.0,52.26745454545455,231.49469800030715
7,0.0,51.829,231.4526680384088
7,0.0,51.39054545454545,231.41063814453074
7,0.0,50.95209090909091,231.36860832485658
7,0.0,50.513636363636365,231.32657858557005
7,0.0,50.07518181818182,231.28454893285473
7,0.0,49.63672727272727,231.24251937289435
7,0.0,49.19827272727272,231.20048991187255
7,0.0,48.75981818181818,231.15846055597297
7,0.0,48.321363636363635,231.1164313113793
7,0.0,47.88290909090909,231.0744021842752
7,0.0,47.44445454545455,231.03237318084427
7,0.0,47.006,230.99034430727025
7,0.0,46.56754545454545,230.94831556973676
7,0.0,46.129090909090905,230.9062869744275
7,0.0,45.690636363636365,230.86425852752606
7,0.0,45.25218181818182,230.82223023521618
7,0.0,44.81372727272727,230.78020210368146
7,0.0,44.37527272727272,230.73817413910558
7,0.0,43.93681818181818,230.69614634767223
7,0.0,43.498363636363635,230.65411873556505
7,0.0,43.05990909090909,230.61209130896768
7,0.0,42.62145454545454,230.5700640740638
7,0.0,42.183,230.52803703703705
7,0.0,41.74454545454545,230.48601020407114
7,0.0,41.306090909090905,230.4439835813497
7,0.0,40.867636363636365,230.40195717505637
7,0.0,40.42918181818182,230.35993099137485
7,0.0,39.99072727272727,230.31790503648878
7,0.0,39.55227272727272,230.2758793165818
7,0.0,39.113818181818175,230.23385383783764
7,0.0,38.675363636363635,230.19182860643988
7,0.0,38.236909090909094,230.14980362857224
7,0.0,37.79845454545455,230.10777891041835
7,0.0,37.36,230.06575445816188
7,0.0,36.92154545454545,230.0237302779865
7,0.0,36.483090909090905,229.98170637607583
7,0.0,36.04463636363636,229.9396827586136
7,0.0,35.60618181818182,229.8976594317834
7,0.0,35.16772727272727,229.85563640176895
7,0.0,34.72927272727273,229.8136136747539
7,0.0,34.29081818181818,229.77159125692185
7,0.0,33.852363636363634,229.72956915445653
7,0.0,33.41390909090909,229.68754737354158
7,0.0,32.97545454545454,229.64552592036065
7,0.0,32.537,229.60350480109742
7,0.0,32.098545454545444,229.5614840219355
7,0.0,31.660090909090908,229.51946358905866
7,0.0,31.221636363636364,229.47744350865045
7,0.0,30.783181818181813,229.43542378689457
7,0.0,30.344727272727273,229.3934044299747
7,0.0,29.90627272727272,229.35138544407448
7,0.0,29.467818181818178,229.30936683537757
7,0.0,29.02936363636363,229.26734861006764
7,0.0,28.590909090909086,229.22533077432834
7,0.0,28.152454545454543,229.18331333434335
7,0.0,27.713999999999995,229.1412962962963
7,0.0,27.27554545454545,229.0992796663709
7,0.0,26.837090909090904,229.05726345075078
7,0.0,26.39863636363636,229.0152476556196
7,0.0,25.960181818181812,228.97323228716098
7,0.0,25.52172727272727,228.93121735155867
7,0.0,25.083272727272725,228.88920285499626
7,0.0,24.644818181818174,228.84718880365745
7,0.0,24.206363636363633,228.8051752037259
7,0.0,23.767909090909086,228.76316206138523
7,0.0,23.32945454545454,228.72114938281914
7,0.0,22.891,228.67913717421126
7,0.0,22.45254545454545,228.6371254417453
7,0.0,22.014090909090903,228.59511419160486
7,0.0,21.575636363636356,228.55310342997367
7,0.0,21.137181818181816,228.51109316303533
7,0.0,20.698727272727268,228.46908339697353
7,0.0,20.26027272727272,228.4270741379719
7,0.0,19.82181818181818,228.3850653922142
7,0.0,19.383363636363633,228.34305716588395
7,0.0,18.944909090909086,228.30104946516488
7,0.0,18.506454545454538,228.25904229624066
7,0.0,18.067999999999998,228.21703566529496
7,0.0,17.629545454545443,228.17502957851138
7,0.0,17.191090909090903,228.13302404207366
7,0.0,16.752636363636363,228.0910190621654
7,0.0,16.314181818181808,228.04901464497027
7,0.0,15.875727272727268,228.00701079667198
7,0.0,15.43727272727272,227.96500752345412
7,0.0,14.998818181818173,227.9230048315004
7,0.0,14.560363636363633,227.8810027269945
7,0.0,14.121909090909085,227.83900121612
7,0.0,13.683454545454538,227.79700030506064
7,0.0,13.244999999999997,227.75500000000002
8,0.0,216.777,2.107
8,0.0,217.20923824821008,4.22775766851249
8,0.0,217.6307529400731,6.349896364934934
8,0.0,218.0416530873473,8.473396443776611
8,0.0,218.44204770179087,10.5982382595468
8,0.0,218.8320457951621,12.724402166754786
8,0.0,219.21175637921917,14.851868519909843
8,0.0,219.58128846572035,16.98061767352126
8,0.0,219.94075106642384,19.110629982098306
8,0.0,220.2902531930879,21.241885800150264
8,0.0,220.62990385747074,23.374365482186423
8,0.0,220.9598120713306,25.508049382716052
8,0.0,221.2800868464257,27.642917856248438
8,0.0,221.59083719451425,29.77895125729286
8,0.0,221.89217212735454,31.916129940358598
8,0.0,222.18420065670477,34.054434259954924
8,0.0,222.4670317943232,36.19384457059113
8,0.0,222.740774551968,38.334341226776495
8,0.0,223.00553794139745,40.47590458302029
8,0.0,223.26143097436974,42.6185149938318
8,0.0,223.50856266264316,44.76215281372031
8,0.0,223.7470420179759,46.9067983971951
8,0.0,223.97697805212619,49.052432098765436
8,0.0,224.19847977685228,51.19903427294062
8,0.0,224.4116562039124,53.3465852742299
8,0.0,224.61661634506476,55.495065457142594
8,0.0,224.81346921206762,57.64445517618797
8,0.0,225.00232381667917,59.79473478587529
8,0.0,225.1832891706577,61.94588464071386
8,0.0,225.35647428576138,64.09788509521293
8,0.0,225.5219881737485,66.2507165038818
8,0.0,225.67993984637724,68.40435922122975
8,0.0,225.83043831540587,70.55879360176607
8,0.0,225.97359259259258,72.71400000000001
8,0.0,226.10951168969564,74.86995877044087
8,0.0,226.23830461847328,77.02665026759794
8,0.0,226.3600803906837,79.18405484598048
8,0.0,226.47494801808514,81.34215286009777
8,0.0,226.58301651243585,83.5009246644591
8,0.0,226.68439488549404,85.66035061357377
8,0.0,226.77919214901797,87.82041106195102
8,0.0,226.86751731476585,89.98108636410015
8,0.0,226.9494793944959,92.14235687453045
8,0.0,227.0251873999664,94.30420294775118
8,0.0,227.09475034293553,96.46660493827163
8,0.0,227.15827723516153,98.62954320060108
8,0.0,227.21587708840264,100.7929980892488
8,0.0,227.2676589144171,102.95694995872408
8,0.0,227.31373172496313,105.1213791635362
8,0.0,227.35420453179896,107.28626605819446
8,0.0,227.38918634668283,109.4515909972081
8,0.0,227.41878618137295,111.61733433508644
8,0.0,227.44311304762758,113.78347642633871
8,0.0,227.46227595720495,115.94999762547423
8,0.0,227.47638392186326,118.11687828700228
8,0.0,227.48554595336077,120.28409876543212
8,0.0,227.4898710634557,122.45163941527305
8,0.0,227.48946826390628,124.61948059103435
8,0.0,227.48444656647075,126.78760264722526
8,0.0,227.47491498290734,128.95598593835513
8,0.0,227.46098252497427,131.12461081893315
8,0.0,227.44275820442977,133.29345764346868
8,0.0,227.4203510330321,135.46250676647097
8,0.0,227.39387002253943,137.6317385424493
8,0.0,227.36342418471008,139.80113332591296
8,0.0,227.3291225313022,141.97067147137122
8,0.0,227.29107407407406,144.1403333333334
8,0.0,227.2493878247839,146.31009926630867
8,0.0,227.20417279518995,148.4799496248064
8,0.0,227.1555379970504,150.64986476333587
8,0.0,227.1035924421235,152.81982503640634
8,0.0,227.0484451421675,154.9898107985271
8,0.0,226.99020510894064,157.1598024042074
8,0.0,226.92898135420114,159.32978020795656
8,0.0,226.8648828897072,161.49972456428384
8,0.0,226.79801872721708,163.66961582769852
8,0.0,226.728497878489,165.83943435270987
8,0.0,226.6564293552812,168.0091604938272
8,0.0,226.5819221693519,170.1787746055598
8,0.0,226.50508533245937,172.34825704241686
8,0.0,226.4260278563618,174.51758815890776
8,0.0,226.34485875281743,176.68674830954174
8,0.0,226.2616870335845,178.8557178488281
8,0.0,226.17662171042122,181.0244771312761
8,0.0,226.08977179508585,183.19300651139497
8,0.0,226.0012462993366,185.3612863436941
8,0.0,225.9111542349317,187.5292969826827
8,0.0,225.81960461362942,189.6970187828701
8,0.0,225.72670644718795,191.8644320987655
8,0.0,225.63256874736553,194.03151728487825
8,0.0,225.5373005259204,196.19825469571757
8,0.0,225.44101079461075,198.3646246857928
8,0.0,225.34380856519488,200.5306076096132
8,0.0,225.24580284943096,202.69618382168804
8,0.0,225.14710265907726,204.8613336765266
8,0.0,225.04781700589203,207.02603752863814
8,0.0,224.94805490163344,209.190275732532
8,0.0,224.84792535805974,211.35402864271742
8,0.0,224.7475373869292,213.51727661370367
8,0.0,224.64700000000002,215.68000000000006
9,0.0,1.562,1.876
9,0.0,3.7359087868790963,1.8783333333333332
9,0.0,5.909816973943085,1.8806666666666665
9,0.0,8.083724573559286,1.8829999999999998
9,0.0,10.25763159809502,1.8853333333333333
9,0.0,12.431538059917616,1.8876666666666666
9,0.0,14.605443971394386,1.89
9,0.0,16.779349344892662,1.8923333333333332
9,0.0,18.953254192779756,1.8946666666666665
9,0.0,21.127158527422992,1.8969999999999998
9,0.0,23.3010623611897,1.8993333333333333
9,0.0,25.474965706447193,1.9016666666666666
9,0.0,27.648868575562794,1.904
9,0.0,29.82277098090383,1.9063333333333332
9,0.0,31.99667293483762,1.9086666666666665
9,0.0,34.170574449731475,1.9109999999999998
9,0.0,36.34447553795274,1.913333333333333
9,0.0,38.51837621186872,1.9156666666666666
9,0.0,40.69227648384674,1.918
9,0.0,42.866176366254116,1.9203333333333332
9,0.0,45.040075871458185,1.9226666666666665
9,0.0,47.21397501182626,1.9249999999999998
9,0.0,49.38787379972566,1.9273333333333331
9,0.0,51.561772247523706,1.9296666666666664
9,0.0,53.73567036758773,1.932
9,0.0,55.90956817228505,1.9343333333333332
9,0.0,58.08346567398298,1.9366666666666665
9,0.0,60.25736288504884,1.9389999999999998
9,0.0,62.43125981784998,1.9413333333333331
9,0.0,64.60515648475368,1.9436666666666664
9,0.0,66.77905289812729,1.946
9,0.0,68.95294907033812,1.9483333333333333
9,0.0,71.12684501375351,1.9506666666666665
9,0.0,73.30074074074076,1.9529999999999998
9,0.0,75.4746362636672,1.9553333333333331
9,0.0,77.64853159490015,1.9576666666666664
9,0.0,79.82242674680693,1.9599999999999997
9,0.0,81.99632173175486,1.9623333333333333
9,0.0,84.17021656211129,1.9646666666666666
9,0.0,86.3441112502435,1.9669999999999999
9,0.0,88.51800580851884,1.9693333333333332
9,0.0,90.69190024930462,1.9716666666666665
9,0.0,92.86579458496816,1.9739999999999998
9,0.0,95.03968882787679,1.9763333333333333
9,0.0,97.21358299039782,1.9786666666666666
9,0.0,99.3874770848986,1.9809999999999999
9,0.0,101.56137112374641,1.9833333333333332
9,0.0,103.73526511930861,1.9856666666666665
9,0.0,105.9091590839525,1.9879999999999998
9,0.0,108.0830530300454,1.990333333333333
9,0.0,110.25694696995464,1.9926666666666666
9,0.0,112.43084091604757,1.9949999999999999
9,0.0,114.60473488069144,1.9973333333333332
9,0.0,116.77862887625362,1.9996666666666665
9,0.0,118.95252291510147,2.002
9,0.0,121.12641700960222,2.0043333333333333
9,0.0,123.30031117212327,2.0066666666666664
9,0.0,125.47420541503189,2.009
9,0.0,127.64809975069542,2.011333333333333
9,0.0,129.82199419148122,2.0136666666666665
9,0.0,131.99588874975655,2.016
9,0.0,134.16978343788878,2.018333333333333
9,0.0,136.34367826824518,2.0206666666666666
9,0.0,138.51757325319315,2.0229999999999997
9,0.0,140.69146840509993,2.025333333333333
9,0.0,142.86536373633285,2.0276666666666663
9,0.0,145.03925925925932,2.03
9,0.0,147.21315498624656,2.0323333333333333
9,0.0,149.38705092966194,2.0346666666666664
9,0.0,151.56094710187278,2.037
9,0.0,153.73484351524638,2.039333333333333
9,0.0,155.9087401821501,2.0416666666666665
9,0.0,158.0826371149512,2.0439999999999996
9,0.0,160.2565343260171,2.046333333333333
9,0.0,162.430431827715,2.0486666666666666
9,0.0,164.60432963241234,2.0509999999999997
9,0.0,166.77822775247637,2.0533333333333332
9,0.0,168.9521262002744,2.0556666666666663
9,0.0,171.1260249881738,2.058
9,0.0,173.29992412854187,2.0603333333333333
9,0.0,175.47382363374595,2.0626666666666664
9,0.0,177.64772351615332,2.065
9,0.0,179.82162378813138,2.067333333333333
9,0.0,181.9955244620473,2.0696666666666665
9,0.0,184.16942555026856,2.0719999999999996
9,0.0,186.34332706516244,2.074333333333333
9,0.0,188.51722901909625,2.0766666666666667
9,0.0,190.6911314244373,2.0789999999999997
9,0.0,192.86503429355287,2.0813333333333333
9,0.0,195.03893763881038,2.0836666666666663
9,0.0,197.21284147257705,2.086
9,0.0,199.3867458072203,2.088333333333333
9,0.0,201.5606506551074,2.0906666666666665
9,0.0,203.73455602860568,2.093
9,0.0,205.90846194008247,2.095333333333333
9,0.0,208.08236840190503,2.0976666666666666
9,0.0,210.25627542644077,2.0999999999999996
9,0.0,212.43018302605697,2.102333333333333
9,0.0,214.60409121312097,2.1046666666666662
9,0.0,216.77800000000005,2.1069999999999998
